Report ID,Report Version,Reporting Entity,Report_Type_1 Day Update,Report_Type_5 Day Update,Report_Type_10 Day Update,Report_Type_Monthly Report,"Report_Type_Updated, but no time indicated",Report Month,Report Year,Submission Year,Submission Month,VIN,VIN - Unknown,Make,Model,Model Year,Same Vehicle ID,Mileage,Mileage - Unknown,Driver / Operator Type_Consumer,Driver / Operator Type_In-Vehicle,Driver / Operator Type_Remote,Driver / Operator Type_None or Other,ADAS/ADS System Version,ADAS/ADS System Version - Unk,ADAS/ADS System Version CBI,ADAS/ADS Hardware Version,ADAS/ADS Hardware Version - Unk,ADAS/ADS Hardware Version CBI,ADAS/ADS Software Version,ADAS/ADS Software Version - Unk,ADAS/ADS Software Version CBI,Other Reporting Entities?,Other Reporting Entities? - Unk,Other Reporting Entities? - NA,Federal Regulatory Exemption?,Federal Reg. Exemption - Unk,Federal Reg. Exemption - No,State or Local Permit?,State or Local Permit,ADS Equipped?,Automation System Engaged_ADAS,Automation System Engaged_ADS,"Automation System Engaged_Unknown, see Narrative",Operating Entity,Source - Complaint/Claim,Source - Telematics,Source - Law Enforcement,Source - Field Report,Source - Testing,Source - Media,Source - Other,Source - Other Text,Incident Year,Incident Month,Incident Date - Unknown,Notice Received Year,Notice Received Month,Incident Time (24:00),Incident Time - Unknown,Same Incident ID,City,City - Unknown,State,Roadway Type_Highway / Freeway,Roadway Type_Intersection,Roadway Type_Parking Lot,Roadway Type_Street,Roadway Type_Traffic Circle,Roadway Type_Unknown,Roadway Surface_Dry,Roadway Surface_Snow / Slush / Ice,Roadway Surface_Unknown,Roadway Surface_Wet,Roadway Description_No Unusual Conditions,Roadway Description_Traffic Incident,Roadway Description_Work Zone,"Roadway Description_Other, Unknown or Missing",Posted Speed Limit (MPH),Posted Speed Limit - Unknown,Lighting_Dark - Lighted,Lighting_Dark - Not Lighted,Lighting_Dawn / Dusk,Lighting_Daylight,Lighting_Other or Unknown,Lighting_Dark - Unknown Lighting,Weather - Clear,Weather - Snow,Weather - Cloudy,Weather - Fog/Smoke,Weather - Rain,Weather - Severe Wind,Weather - Unknown,Weather - Other,Weather - Other Text,Crash With,Highest Injury Severity Alleged_Minor,Highest Injury Severity Alleged_Moderate,Highest Injury Severity Alleged_No Injuries Reported,Highest Injury Severity Alleged_Serious,Highest Injury Severity Alleged_Unknown,Property Damage?,CP Pre-Crash Movement,CP Any Air Bags Deployed?,CP Was Vehicle Towed?,CP Contact Area - Rear Left,CP Contact Area - Left,CP Contact Area - Front Left,CP Contact Area - Rear,CP Contact Area - Top,CP Contact Area - Front,CP Contact Area - Rear Right,CP Contact Area - Right,CP Contact Area - Front Right,CP Contact Area - Bottom,CP Contact Area - Unknown,SV Pre-Crash Movement,SV Any Air Bags Deployed?,SV Was Vehicle Towed?,SV Were All Passengers Belted?,SV Precrash Speed (MPH),SV Pre-crash Speed - Unknown,SV Contact Area - Rear Left,SV Contact Area - Left,SV Contact Area - Front Left,SV Contact Area - Rear,SV Contact Area - Top,SV Contact Area - Front,SV Contact Area - Rear Right,SV Contact Area - Right,SV Contact Area - Front Right,SV Contact Area - Bottom,SV Contact Area - Unknown,Data Availability - EDR,Data Availability - Police Rpt,Data Availability - Telematics,Data Availability - Complaints,Data Availability - Video,Data Availability - Other,Data Availability - Unknown,Law Enforcement Investigating?,Investigating Agency,Investigating Agency - Unknown,Rep Ent Or Mfr Investigating?,Investigating Officer Name,Inv. Officer Name - Unknown,Investigating Officer Phone,Inv. Officer Phone - Unknown,Investigating Officer Email,Inv. Officer Email - Unknown,Within ODD?,Within ODD? - CBI,Narrative,Narrative - CBI?
30270-6338,1,Waymo LLC,0,0,0,1,0,8.0,2023.0,2023,9,SADHW2S19M1,0,Jaguar,I-Pace,2021.0,9d9fb23eadb6334,50308.0,0,0,0,0,1,5th Generation ADS,0,0,5th Generation,0,0,Version 8,0,0,,0,1,,0,1,1,ADOT,1,0,1,0,Waymo LLC,0,1,0,0,0,0,0,,2023,8,0,2023,8,19:23,0,f90c1db7893a4db,Phoenix,0,AZ ,0,1,0,0,0,0,1,0,0,0,1,0,0,0,25.0,0,0,0,1,0,0,0,1,0,0,0,0,0,0,0,,SUV,0,0,1,0,0,1,Proceeding Straight,0,0,0,0,1,0,0,0,0,0,0,0,0,Proceeding Straight,0,0,0,1.0,0,0,0,0,0,0,0,0,0,1,0,0,0,0,1,0,1,1,0,No,, ,Yes,, ,, ,, ,Yes, ,"On August [XXX], 2023 at 7:23 PM PT a Waymo Autonomous Vehicle (""Waymo AV"") operating in Phoenix, Arizona was in a collision involving an SUV on [XXX] at [XXX].
The Waymo AV was traveling north on [XXX] through the intersection with [XXX]. An SUV traveling West on [XXX] entered the intersection without stopping at the two-way stop sign on [XXX]. The Waymo AV slowed to a stop in the intersection and the front left corner of the SUV made contact with the front right corner of the Waymo AV. 
At the time of the impact, the Waymo AV's Level 4 ADS was engaged in autonomous mode. The Waymo AV sustained damage. 
Waymo is reporting this crash under Request No. 2 of Standing General Order 2021-01. Waymo may supplement or correct its reporting with additional information as it may become available.",
30270-6337,1,Waymo LLC,0,0,0,1,0,8.0,2023.0,2023,9,SADHW2S10M1,0,Jaguar,I-Pace,2021.0,f6ce80fd458f116,63250.0,0,0,0,0,1,5th Generation ADS,0,0,5th Generation,0,0,Version 8,0,0,,0,1,,0,1,1,ADOT,1,0,1,0,Waymo LLC,0,1,0,0,0,0,0,,2023,8,0,2023,8,15:36,0,355de6e32e411be,Mesa,0,AZ ,0,0,0,1,0,0,1,0,0,0,1,0,0,0,25.0,0,0,0,0,1,0,0,1,0,0,0,0,0,0,0,,Pickup Truck,0,0,1,0,0,1,Proceeding Straight,0,0,0,0,0,0,0,1,0,0,0,0,0,Parked,0,0,0,0.0,0,0,0,0,1,0,0,0,0,0,0,0,0,0,1,0,1,1,0,No,, ,Yes,, ,, ,, ,Yes, ,"On August [XXX], 2023 at 3:36 PM PT a Waymo Autonomous Vehicle (""Waymo AV"") operating in Mesa, Arizona was in a collision involving a pickup truck on [XXX] at [XXX]. 
The Waymo AV was stationary adjacent to the curb on the West side of [XXX]. A pickup truck approached the Waymo from behind and slowed to a stop immediately behind the Waymo. The pickup truck then moved slowly forward until the front of the pickup truck was touching the rear of the Waymo AV. The pickup truck then slowly pushed into the rear of the Waymo AV for a few seconds before reversing, maneuvering around the Waymo AV, and leaving the scene. 
At the time of the impact, the Waymo AV's Level 4 ADS was engaged in autonomous mode. The Waymo AV sustained damage. 
Waymo is reporting this crash under Request No. 2 of Standing General Order 2021-01. Waymo may supplement or correct its reporting with additional information as it may become available.",
30270-6335,1,Waymo LLC,0,0,0,1,0,8.0,2023.0,2023,9,SADHW2S16M1,0,Jaguar,I-Pace,2021.0,dd9c07aaa0d58c4,69522.0,0,0,0,0,1,5th Generation ADS,0,0,5th Generation,0,0,Version 8,0,0,,0,1,,0,1,1,ADOT,1,0,1,0,Waymo LLC,0,1,0,0,0,0,0,,2023,8,0,2023,8,19:12,0,27afc2a81db4aa8,Phoenix,0,AZ ,0,0,0,1,0,0,1,0,0,0,1,0,0,0,25.0,0,0,0,0,1,0,0,1,0,0,0,0,0,0,0,,Passenger Car,0,0,1,0,0,1,Backing,0,0,0,0,0,1,0,0,1,0,0,0,0,Parked,0,0,0,0.0,0,0,0,0,0,0,1,0,0,0,0,0,0,0,1,0,1,1,0,No,, ,Yes,, ,, ,, ,Yes, ,"On August [XXX], 2023 at 7:12 PM PT a Waymo Autonomous Vehicle (""Waymo"") operating in Phoenix, Arizona was in a collision involving a passenger car on [XXX] at [XXX]. 
The Waymo AV was stationary adjacent to the curb on the south side of [XXX]. A passenger car which had been parked in front of the Waymo AV began reversing and the rear of the passenger car made contact with the front of the Waymo AV. The passenger car then left the scene. At the time of the impact, the Waymo's Level 4 ADS was engaged in autonomous mode. The Waymo AV sustained damage.
Waymo is reporting this crash under Request No. 2 of Standing General Order 2021-01. Waymo may supplement or correct its reporting with additional information as it may become available.",
540-6310,1,"General Motors, LLC",0,0,0,1,0,8.0,2023.0,2023,9,5G21A6P0XP4,0,Cruise,AV,2023.0,ae17dc3a94b6763,6045.0,0,0,0,1,0,,1,0,,1,0,,1,0,Cruise LLC,0,0,,0,1,0,,1,0,1,0,Cruise LLC,0,1,0,1,0,0,0,,2023,8,0,2023,9,00:21,0,299b672f88b96f3,Austin,0,TX ,0,1,0,0,0,0,1,0,0,0,1,0,0,0,25.0,0,0,1,0,0,0,0,1,0,0,0,0,0,0,0,,Pickup Truck,0,0,1,0,0,1,Proceeding Straight,0,0,0,0,0,0,0,0,1,0,0,0,0,Stopped,0,0,1,0.0,0,1,0,0,0,0,0,0,0,0,0,0,1,0,1,0,1,1,0,No,, ,Yes,, ,, ,, ,"Unknown, see Narrative", ,"On September 14, 2023, GM Cruise Holdings LLC (""Cruise"") filed an Incident Report (the ""Report"") under the Second Amended Standing General Order 2021-01, dated April 5, 2023 (the ""Order"") General Motors LLC (GM) manufactured the Cruise-operated motor vehicle involved in the incident summarized in the Incident Report. Because GM is also a Reporting Entity under the Order, GM is submitting a duplicate of the redacted public copy of the Report. GM has selected ""Unknown"" in the ""ADS version"" and ""ODD time"" fields solely to avoid a second submission of nonpublic Cruise CBI GM is in possession of Cruise's responses to these fields, and incorporates Cruise's responses into this submission by reference. GM's submission is based on facts supplied to GM by Cruise. GM has not investigated the alleged incident and currently believes, based on a reasonable inquiry, that it has no independent knowledge of the facts in the Report. (Reference file: 30412-6274-1)",
540-6305,1,"General Motors, LLC",0,0,0,1,0,8.0,2023.0,2023,9,5G21A6P07P4,0,Cruise,AV,2023.0,969075f5d5d82c1,6470.0,0,0,0,1,0,,1,0,,1,0,,1,0,Cruise LLC,0,0,,0,1,0,,1,0,1,0,Cruise LLC,0,1,0,1,0,0,0,,2023,8,0,2023,9,23:36,0,b77f65c9bc8eab0,Austin,0,TX ,0,0,0,1,0,0,1,0,0,0,1,0,0,0,25.0,0,1,0,0,0,0,0,1,0,0,0,0,0,0,0,,SUV,0,0,1,0,0,1,Stopped,0,0,0,1,0,0,0,0,0,0,0,0,0,Proceeding Straight,0,0,0,10.0,0,0,0,0,0,0,0,0,1,0,0,0,1,0,1,0,1,1,0,No,, ,Yes,, ,, ,, ,"Unknown, see Narrative", ,"On September 14, 2023, GM Cruise Holdings LLC (""Cruise"") filed an Incident Report (the ""Report"") under the Second Amended Standing General Order 2021-01, dated April 5, 2023 (the ""Order"") General Motors LLC (GM) manufactured the Cruise-operated motor vehicle involved in the incident summarized in the Incident Report. Because GM is also a Reporting Entity under the Order, GM is submitting a duplicate of the redacted public copy of the Report. GM has selected ""Unknown"" in the ""ADS version"" and ""ODD time"" fields solely to avoid a second submission of nonpublic Cruise CBI GM is in possession of Cruise's responses to these fields, and incorporates Cruise's responses into this submission by reference. GM's submission is based on facts supplied to GM by Cruise. GM has not investigated the alleged incident and currently believes, based on a reasonable inquiry, that it has no independent knowledge of the facts in the Report. (Reference file: 30412-6273-1)",
540-6290,1,"General Motors, LLC",0,1,0,0,0,,,2023,9,5G21A6P04P4,0,Cruise,AV,2023.0,eb7f07c4713eac4,11074.0,0,0,0,1,0,,1,0,,1,0,,1,0,Cruise LLC,0,0,,0,1,0,,1,0,1,0,Cruise LLC,0,1,0,1,0,0,0,,2023,9,0,2023,9,02:35,0,bf6c4ac7c86369b,Austin,0,TX ,0,1,0,0,0,0,1,0,0,0,1,0,0,0,25.0,0,1,0,0,0,0,0,1,0,0,0,0,0,0,0,,SUV,0,0,1,0,0,1,Proceeding Straight,0,0,0,0,0,0,0,1,0,0,1,0,0,Proceeding Straight,1,1,0,2.0,0,0,1,0,0,0,0,0,0,0,0,0,1,0,1,0,1,1,0,No,, ,Yes,, ,, ,, ,"Unknown, see Narrative", ,"On September 14, 2023, GM Cruise Holdings LLC (""Cruise"") filed an Incident Report (the ""Report"") under the Second Amended Standing General Order 2021-01, dated April 5, 2023 (the ""Order"") General Motors LLC (GM) manufactured the Cruise-operated motor vehicle involved in the incident summarized in the Incident Report. Because GM is also a Reporting Entity under the Order, GM is submitting a duplicate of the redacted public copy of the Report. GM has selected ""Unknown"" in the ""ADS version"" and ""ODD time"" fields solely to avoid a second submission of nonpublic Cruise CBI GM is in possession of Cruise's responses to these fields, and incorporates Cruise's responses into this submission by reference. GM's submission is based on facts supplied to GM by Cruise. GM has not investigated the alleged incident and currently believes, based on a reasonable inquiry, that it has no independent knowledge of the facts in the Report. (Reference file: 30412-6262-1)",
540-6244,1,"General Motors, LLC",0,1,0,0,0,,,2023,9,5G21A6P05P4,0,Cruise,AV,2023.0,b5376354c2df3b6,6913.0,0,0,0,1,0,,1,0,,1,0,,1,0,Cruise LLC,0,0,,0,1,0,,1,0,1,0,Cruise LLC,0,1,0,1,0,0,0,,2023,9,0,2023,9,21:42,0,a8c95cceeb75eda,Houston,0,TX ,0,0,0,1,0,0,1,0,0,0,1,0,0,0,30.0,0,1,0,0,0,0,0,1,0,0,0,0,0,0,0,,Passenger Car,0,0,1,0,0,1,Proceeding Straight,1,1,0,0,1,0,0,1,0,0,1,0,0,Proceeding Straight,0,1,0,1.0,0,1,0,0,1,0,0,1,0,0,0,0,1,0,1,0,1,1,0,Yes,Houston Police Department, ,Yes,[MAY CONTAIN PERSONALLY IDENTIFIABLE INFORMATION], ,,Y,,Y,"Unknown, see Narrative", ,"On September 12, 2023, GM Cruise Holdings LLC (""Cruise"") filed an Incident Report (the ""Report"") under the Second Amended Standing General Order 2021-01, dated April 5, 2023 (the ""Order"") General Motors LLC (GM) manufactured the Cruise-operated motor vehicle involved in the incident summarized in the Incident Report. Because GM is also a Reporting Entity under the Order, GM is submitting a duplicate of the redacted public copy of the Report. GM has selected ""Unknown"" in the ""ADS version"" and ""ODD time"" fields solely to avoid a second submission of nonpublic Cruise CBI GM is in possession of Cruise's responses to these fields, and incorporates Cruise's responses into this submission by reference. GM's submission is based on facts supplied to GM by Cruise. GM has not investigated the alleged incident and currently believes, based on a reasonable inquiry, that it has no independent knowledge of the facts in the Report. (Reference file: 30412-6242-1).",
30412-6274,1,Cruise LLC,0,0,0,1,0,8.0,2023.0,2023,9,5G21A6P0XP4,0,Cruise,AV,2023.0,ae17dc3a94b6763,6045.0,0,0,0,1,0,"[REDACTED, MAY CONTAIN CONFIDENTIAL BUSINESS INFORMATION]",0,1,"[REDACTED, MAY CONTAIN CONFIDENTIAL BUSINESS INFORMATION]",0,1,"[REDACTED, MAY CONTAIN CONFIDENTIAL BUSINESS INFORMATION]",0,1,"General Motors, LLC",0,0,,0,1,0,,1,0,1,0,Cruise LLC,0,1,0,1,0,0,0,,2023,8,0,2023,8,00:21,0,299b672f88b96f3,Austin,0,TX ,0,1,0,0,0,0,1,0,0,0,1,0,0,0,25.0,0,0,1,0,0,0,0,1,0,0,0,0,0,0,0,,Pickup Truck,0,0,1,0,0,1,Proceeding Straight,0,0,0,0,0,0,0,0,1,0,0,0,0,Stopped,0,0,1,0.0,0,1,0,0,0,0,0,0,0,0,0,0,1,0,1,0,1,1,0,No,, ,Yes,, ,, ,, ,"[REDACTED, MAY CONTAIN CONFIDENTIAL BUSINESS INFORMATION]",Y,"A Cruise autonomous vehicle (""AV""), operating in driverless autonomous mode, was stopped beside the right curb of [XXX] between [XXX] and [XXX]. While the AV remained stopped out of the lane of traffic, a white Ford F-150 traveling behind and to the left of the AV made contact with the AV while attempting to pass to the left, damaging the driver side rear bumper fascia of the AV. The driver of the Ford F-150 left the scene without exchanging information. There were no reported injuries. [REDACTED, MAY CONTAIN CONFIDENTIAL BUSINESS INFORMATION]",Y
30412-6273,1,Cruise LLC,0,0,0,1,0,8.0,2023.0,2023,9,5G21A6P07P4,0,Cruise,AV,2023.0,969075f5d5d82c1,6470.0,0,0,0,1,0,"[REDACTED, MAY CONTAIN CONFIDENTIAL BUSINESS INFORMATION]",0,1,"[REDACTED, MAY CONTAIN CONFIDENTIAL BUSINESS INFORMATION]",0,1,"[REDACTED, MAY CONTAIN CONFIDENTIAL BUSINESS INFORMATION]",0,1,"General Motors, LLC",0,0,,0,1,0,,1,0,1,0,Cruise LLC,0,1,0,1,0,0,0,,2023,8,0,2023,8,23:36,0,b77f65c9bc8eab0,Austin,0,TX ,0,0,0,1,0,0,1,0,0,0,1,0,0,0,25.0,0,1,0,0,0,0,0,1,0,0,0,0,0,0,0,,SUV,0,0,1,0,0,1,Stopped,0,0,0,1,0,0,0,0,0,0,0,0,0,Proceeding Straight,0,0,0,10.0,0,0,0,0,0,0,0,0,1,0,0,0,1,0,1,0,1,1,0,No,, ,Yes,, ,, ,, ,"[REDACTED, MAY CONTAIN CONFIDENTIAL BUSINESS INFORMATION]",Y,"A Cruise autonomous vehicle (""AV""), operating in driverless autonomous mode, was traveling eastbound on [XXX] between [XXX] and [XXX] when the AV approached a black Toyota Highlander that was stopped to the right of the AV in a curbside parking spot on [XXX]. As the AV passed the Toyota Highlander, a passenger of the Toyota Highlander opened their rear driver side door, making contact with the AV. This caused damage to the AV's front passenger side radar assembly. The parties exchanged information and there were no reported injuries. [REDACTED, MAY CONTAIN CONFIDENTIAL BUSINESS INFORMATION]",Y
30412-6262,1,Cruise LLC,0,1,0,0,0,,,2023,9,5G21A6P04P4,0,Cruise,AV,2023.0,eb7f07c4713eac4,11074.0,0,0,0,1,0,"[REDACTED, MAY CONTAIN CONFIDENTIAL BUSINESS INFORMATION]",0,1,"[REDACTED, MAY CONTAIN CONFIDENTIAL BUSINESS INFORMATION]",0,1,"[REDACTED, MAY CONTAIN CONFIDENTIAL BUSINESS INFORMATION]",0,1,"General Motors, LLC",0,0,,0,1,0,,1,0,1,0,Cruise LLC,0,1,0,1,0,0,0,,2023,9,0,2023,9,02:35,0,bf6c4ac7c86369b,Austin,0,TX ,0,1,0,0,0,0,1,0,0,0,1,0,0,0,25.0,0,1,0,0,0,0,0,1,0,0,0,0,0,0,0,,SUV,0,0,1,0,0,1,Proceeding Straight,0,0,0,0,0,0,0,1,0,0,1,0,0,Proceeding Straight,1,1,0,2.0,0,0,1,0,0,0,0,0,0,0,0,0,1,0,1,0,1,1,0,No,, ,Yes,, ,, ,, ,"[REDACTED, MAY CONTAIN CONFIDENTIAL BUSINESS INFORMATION]",Y,"A Cruise autonomous vehicle (""AV""), operating in driverless autonomous mode, was at a complete stop in response to a four-way stop on northbound [XXX] at the intersection with [XXX]. As the AV was proceeding after clearing the intersection, a Chevrolet Tahoe traveling eastbound on [XXX] failed to stop, entered the intersection, and made contact with the AV, damaging the driver side front and rear passenger side doors, driver side front quarter panel, lower driver side B-Pillar and front driver side door sill of the AV. The parties exchanged information. There were no reported injuries and the AV was towed from the scene. [REDACTED, MAY CONTAIN CONFIDENTIAL BUSINESS INFORMATION]",Y
30413-6257,1,May Mobility,0,0,0,1,0,8.0,2023.0,2023,9,5TDYRKEC9PS,0,Toyota,Sienna,2021.0,022d62e8448e32b,1588.0,0,0,1,0,0,4,0,0,4,0,0,4,0,0,,0,1,,0,1,0,,1,0,0,1,May Mobility,0,0,0,1,0,0,0,,2023,8,0,2023,8,10:10,0,c2bef3d02082eb1,Arlington,0,TX ,0,0,0,1,0,0,1,0,0,0,1,0,0,0,15.0,0,0,0,0,1,0,0,1,0,0,0,0,0,0,0,,Passenger Car,0,0,1,0,0,0,Parked,0,0,0,0,0,0,0,0,1,0,0,0,0,Proceeding Straight,0,0,0,18.0,0,0,0,0,0,0,0,0,1,0,0,0,0,0,0,0,1,0,0,No,, ,No,, ,, ,, ,"No, see Narrative", ,"The vehicle operator took the vehicle out of autonomy while driving NB on [XXX]. In manual the operator clipped the May vehicle's right sensor with the trunk of a diagonally parked car. The operator did not report the incident, however based on video footage they were aware of physical damage to the May vehicle. Local staff noticed a vehicle health error regarding that sensor and called the operator back to base, where they saw the damage. The operator was sent home immediately and terminated upon video review due to not following proper procedure.",
30412-6242,1,Cruise LLC,0,1,0,0,0,,,2023,9,5G21A6P05P4,0,Cruise,AV,2023.0,b5376354c2df3b6,6913.0,0,0,0,1,0,"[REDACTED, MAY CONTAIN CONFIDENTIAL BUSINESS INFORMATION]",0,1,"[REDACTED, MAY CONTAIN CONFIDENTIAL BUSINESS INFORMATION]",0,1,"[REDACTED, MAY CONTAIN CONFIDENTIAL BUSINESS INFORMATION]",0,1,"General Motors, LLC",0,0,,0,1,0,,1,0,1,0,Cruise LLC,0,1,0,1,0,0,0,,2023,9,0,2023,9,21:42,0,a8c95cceeb75eda,Houston,0,TX ,0,0,0,1,0,0,1,0,0,0,1,0,0,0,30.0,0,1,0,0,0,0,0,1,0,0,0,0,0,0,0,,Passenger Car,0,0,1,0,0,1,Proceeding Straight,1,1,0,0,1,0,0,1,0,0,1,0,0,Proceeding Straight,0,1,0,1.0,0,1,0,0,1,0,0,1,0,0,0,0,1,0,1,0,1,1,0,Yes,Houston Police Department, ,Yes,[MAY CONTAIN PERSONALLY IDENTIFIABLE INFORMATION], ,,Y,,Y,"[REDACTED, MAY CONTAIN CONFIDENTIAL BUSINESS INFORMATION]",Y,"A Cruise autonomous vehicle (""AV""), operating in driverless autonomous mode, was traveling eastbound on [XXX] between [XXX] and [XXX]. The AV braked after it passed the intersection with [XXX] and, shortly thereafter, a black Ford Mustang traveling behind the AV rear-ended the AV, damaging the rear bumper fascia, rear hatch, rear window panel and passenger side rear lamp assembly of the AV. The parties exchanged information. There were no reported injuries and the AV was towed from the scene. [REDACTED, MAY CONTAIN CONFIDENTIAL BUSINESS INFORMATION]",Y
540-6199,1,"General Motors, LLC",0,1,0,0,0,,,2023,9,5G21A6P02P4,0,Cruise,AV,2023.0,18bb11a2be47074,6270.0,0,0,0,1,0,,1,0,,1,0,,1,0,Cruise LLC,0,0,,0,1,0,,1,0,1,0,Cruise LLC,0,1,0,1,0,0,0,,2023,8,0,2023,9,00:39,0,6bc882127d0d3d9,Austin,0,TX ,0,0,0,1,0,0,1,0,0,0,1,0,0,0,25.0,0,1,0,0,0,0,0,1,0,0,0,0,0,0,0,,Passenger Car,0,0,1,0,0,1,Parked,0,0,0,1,0,0,0,0,0,0,0,0,0,Proceeding Straight,0,1,0,5.0,0,0,0,1,0,0,0,0,0,0,0,0,1,0,1,0,1,1,0,Yes,Austin Police Department, ,Yes,[MAY CONTAIN PERSONALLY IDENTIFIABLE INFORMATION], ,,Y,,Y,"Unknown, see Narrative", ,"On September 1, 2023, GM Cruise Holdings LLC (""Cruise"") filed an Incident Report (the ""Report"") under the Second Amended Standing General Order 2021-01, dated April 5, 2023 (the ""Order"") General Motors LLC (GM) manufactured the Cruise-operated motor vehicle involved in the incident summarized in the Incident Report. Because GM is also a Reporting Entity under the Order, GM is submitting a duplicate of the redacted public copy of the Report. GM has selected ""Unknown"" in the ""ADS version"" and ""ODD time"" fields solely to avoid a second submission of nonpublic Cruise CBI GM is in possession of Cruise's responses to these fields, and incorporates Cruise's responses into this submission by reference. GM's submission is based on facts supplied to GM by Cruise. GM has not investigated the alleged incident and currently believes, based on a reasonable inquiry, that it has no independent knowledge of the facts in the Report. (Reference file: 30412-6191-1)",
30270-6198,1,Waymo LLC,0,1,0,0,0,,,2023,9,SADHW2S10M1,0,Jaguar,I-Pace,2021.0,ed590c651fc2b4e,62818.0,0,0,0,0,1,5th Generation,0,0,5th Generation,0,0,Version 8,0,0,,0,1,,0,1,1,ADOT,1,0,1,0,Waymo LLC,0,1,0,0,0,0,0,,2023,8,0,2023,8,20:56,0,d1a6990388a8f75,Phoenix,0,AZ ,0,1,0,0,0,0,1,0,0,0,1,0,0,0,35.0,0,1,0,0,0,0,0,1,0,0,0,0,0,0,0,,Passenger Car,0,0,1,0,0,0,Proceeding Straight,0,0,0,0,0,0,0,1,0,0,0,0,0,Proceeding Straight,0,1,0,3.0,0,0,0,0,1,0,0,0,0,0,0,0,0,0,1,0,1,1,0,Unknown,,Y,Yes,,Y,,Y,,Y,Yes, ,"On August [XXX], 2023 at 8:56 PM PT a Waymo Autonomous Vehicle (""Waymo AV"") operating in Phoenix, Arizona was in a collision involving a passenger car on [XXX] at [XXX].
The Waymo AV was traveling westbound in the center lane on [XXX].  As the AV came to a stop for a red light at the intersection with [XXX], the front of the passenger car that was traveling behind the Waymo AV made contact with the rear of the Waymo AV. At the time of the impact, the Waymo AVs Level 4 ADS was engaged in autonomous mode. Both vehicles sustained damage.
Waymo is reporting this crash under Request No. 1 of Standing General Order 2021-01 because a vehicle involved was towed away. Waymo may supplement or correct its reporting with additional information as it may become available.",
30412-6191,1,Cruise LLC,0,1,0,0,0,,,2023,9,5G21A6P02P4,0,Cruise,AV,2023.0,18bb11a2be47074,6270.0,0,0,0,1,0,"[REDACTED, MAY CONTAIN CONFIDENTIAL BUSINESS INFORMATION]",0,1,"[REDACTED, MAY CONTAIN CONFIDENTIAL BUSINESS INFORMATION]",0,1,"[REDACTED, MAY CONTAIN CONFIDENTIAL BUSINESS INFORMATION]",0,1,"General Motors, LLC",0,0,,0,1,0,,1,0,1,0,Cruise LLC,0,1,0,1,0,0,0,,2023,8,0,2023,8,00:39,0,6bc882127d0d3d9,Austin,0,TX ,0,0,0,1,0,0,1,0,0,0,1,0,0,0,25.0,0,1,0,0,0,0,0,1,0,0,0,0,0,0,0,,Passenger Car,0,0,1,0,0,1,Parked,0,0,0,1,0,0,0,0,0,0,0,0,0,Proceeding Straight,0,1,0,5.0,0,0,0,1,0,0,0,0,0,0,0,0,1,0,1,0,1,1,0,Yes,Austin Police Department, ,Yes,[MAY CONTAIN PERSONALLY IDENTIFIABLE INFORMATION], ,,Y,,Y,"[REDACTED, MAY CONTAIN CONFIDENTIAL BUSINESS INFORMATION]",Y,"A Cruise autonomous vehicle (""AV""), operating in driverless autonomous mode, was traveling eastbound on [XXX] between [XXX] and [XXX]. As the AV was proceeding on [XXX], the AV made contact with an unoccupied red Honda that was parked on [XXX], damaging the front driver side bumper fascia of the AV.  The responding Cruise Representative left information for the other party. There were no injuries and the Cruise AV was towed from the incident. [REDACTED, MAY CONTAIN CONFIDENTIAL BUSINESS INFORMATION]",Y
540-6188,1,"General Motors, LLC",0,1,0,0,0,,,2023,8,5G3LD1SJ4R7,0,Cruise,Origin,2024.0,659244d6651ee47,291.0,0,0,0,1,0,,1,0,,1,0,,1,0,Cruise LLC,0,0,FAST Act Exception for testing or evaluation,0,0,0,,1,0,1,0,Cruise LLC,0,1,0,1,0,0,0,,2023,8,0,2023,8,00:36,0,991a08adc8d27c7,Austin,0,TX ,0,0,0,1,0,0,1,0,0,0,1,0,0,0,25.0,0,1,0,0,0,0,0,1,0,0,0,0,0,0,0,,Other Fixed Object,0,0,1,0,0,1,,0,0,0,0,0,0,0,0,0,0,0,0,0,Lane / Road Departure,0,1,0,6.0,0,0,0,1,0,0,1,0,0,0,0,0,1,0,1,0,1,1,0,Yes,Austin Community College Police Department, ,Yes,[MAY CONTAIN PERSONALLY IDENTIFIABLE INFORMATION], ,,Y,,Y,"Unknown, see Narrative", ,"On August 29, 2023, GM Cruise Holdings LLC (""Cruise"") filed an Incident Report (the ""Report"") under the Second Amended Standing General Order 2021-01, dated April 5, 2023 (the ""Order"") General Motors LLC (GM) manufactured the Cruise-operated motor vehicle involved in the incident summarized in the Incident Report. Because GM is also a Reporting Entity under the Order, GM is submitting a duplicate of the redacted public copy of the Report. GM has selected ""Unknown"" in the ""ADS version"" and ""ODD time"" fields solely to avoid a second submission of nonpublic Cruise CBI GM is in possession of Cruise's responses to these fields, and incorporates Cruise's responses into this submission by reference. GM's submission is based on facts supplied to GM by Cruise. GM has not investigated the alleged incident and currently believes, based on a reasonable inquiry, that it has no independent knowledge of the facts in the Report. (Reference file: 30412-6179-1)",