Report ID,Report Version,Reporting Entity,Report_Type_1 Day Update,Report_Type_5 Day Update,Report_Type_10 Day Update,Report_Type_Monthly Report,"Report_Type_Updated, but no time indicated",Report Month,Report Year,Submission Year,Submission Month,VIN,VIN - Unknown,Make,Model,Model Year,Same Vehicle ID,Mileage,Mileage - Unknown,Driver / Operator Type_Consumer,Driver / Operator Type_In-Vehicle,Driver / Operator Type_Remote,Driver / Operator Type_None or Other,ADAS/ADS System Version,ADAS/ADS System Version - Unk,ADAS/ADS System Version CBI,ADAS/ADS Hardware Version,ADAS/ADS Hardware Version - Unk,ADAS/ADS Hardware Version CBI,ADAS/ADS Software Version,ADAS/ADS Software Version - Unk,ADAS/ADS Software Version CBI,Other Reporting Entities?,Other Reporting Entities? - Unk,Other Reporting Entities? - NA,Federal Regulatory Exemption?,Federal Reg. Exemption - Unk,Federal Reg. Exemption - No,State or Local Permit?,State or Local Permit,ADS Equipped?,Automation System Engaged_ADAS,Automation System Engaged_ADS,"Automation System Engaged_Unknown, see Narrative",Operating Entity,Source - Complaint/Claim,Source - Telematics,Source - Law Enforcement,Source - Field Report,Source - Testing,Source - Media,Source - Other,Source - Other Text,Incident Year,Incident Month,Incident Date - Unknown,Notice Received Year,Notice Received Month,Incident Time (24:00),Incident Time - Unknown,Same Incident ID,City,City - Unknown,State,Roadway Type_Highway / Freeway,Roadway Type_Intersection,Roadway Type_Parking Lot,Roadway Type_Street,Roadway Type_Traffic Circle,Roadway Type_Unknown,Roadway Surface_Dry,Roadway Surface_Snow / Slush / Ice,Roadway Surface_Unknown,Roadway Surface_Wet,Roadway Description_No Unusual Conditions,Roadway Description_Traffic Incident,Roadway Description_Work Zone,"Roadway Description_Other, Unknown or Missing",Posted Speed Limit (MPH),Posted Speed Limit - Unknown,Lighting_Dark - Lighted,Lighting_Dark - Not Lighted,Lighting_Dawn / Dusk,Lighting_Daylight,Lighting_Other or Unknown,Lighting_Dark - Unknown Lighting,Weather - Clear,Weather - Snow,Weather - Cloudy,Weather - Fog/Smoke,Weather - Rain,Weather - Severe Wind,Weather - Unknown,Weather - Other,Weather - Other Text,Crash With,Highest Injury Severity Alleged_Minor,Highest Injury Severity Alleged_Moderate,Highest Injury Severity Alleged_No Injuries Reported,Highest Injury Severity Alleged_Serious,Highest Injury Severity Alleged_Unknown,Property Damage?,CP Pre-Crash Movement,CP Any Air Bags Deployed?,CP Was Vehicle Towed?,CP Contact Area - Rear Left,CP Contact Area - Left,CP Contact Area - Front Left,CP Contact Area - Rear,CP Contact Area - Top,CP Contact Area - Front,CP Contact Area - Rear Right,CP Contact Area - Right,CP Contact Area - Front Right,CP Contact Area - Bottom,CP Contact Area - Unknown,SV Pre-Crash Movement,SV Any Air Bags Deployed?,SV Was Vehicle Towed?,SV Were All Passengers Belted?,SV Precrash Speed (MPH),SV Pre-crash Speed - Unknown,SV Contact Area - Rear Left,SV Contact Area - Left,SV Contact Area - Front Left,SV Contact Area - Rear,SV Contact Area - Top,SV Contact Area - Front,SV Contact Area - Rear Right,SV Contact Area - Right,SV Contact Area - Front Right,SV Contact Area - Bottom,SV Contact Area - Unknown,Data Availability - EDR,Data Availability - Police Rpt,Data Availability - Telematics,Data Availability - Complaints,Data Availability - Video,Data Availability - Other,Data Availability - Unknown,Law Enforcement Investigating?,Investigating Agency,Investigating Agency - Unknown,Rep Ent Or Mfr Investigating?,Investigating Officer Name,Inv. Officer Name - Unknown,Investigating Officer Phone,Inv. Officer Phone - Unknown,Investigating Officer Email,Inv. Officer Email - Unknown,Within ODD?,Within ODD? - CBI,Narrative,Narrative - CBI?
30412-6179,1,Cruise LLC,0,1,0,0,0,,,2023,8,5G3LD1SJ4R7,0,Cruise,Origin,2024.0,659244d6651ee47,291.0,0,0,0,1,0,"[REDACTED, MAY CONTAIN CONFIDENTIAL BUSINESS INFORMATION]",0,1,"[REDACTED, MAY CONTAIN CONFIDENTIAL BUSINESS INFORMATION]",0,1,"[REDACTED, MAY CONTAIN CONFIDENTIAL BUSINESS INFORMATION]",0,1,"General Motors, LLC",0,0,FAST Act Exception for testing or evaluation,0,0,0,,1,0,1,0,Cruise LLC,0,1,0,1,0,0,0,,2023,8,0,2023,8,00:36,0,991a08adc8d27c7,Austin,0,TX ,0,0,0,1,0,0,1,0,0,0,1,0,0,0,25.0,0,1,0,0,0,0,0,1,0,0,0,0,0,0,0,,Other Fixed Object,0,0,1,0,0,1,,0,0,0,0,0,0,0,0,0,0,0,0,0,Lane / Road Departure,0,1,0,6.0,0,0,0,1,0,0,1,0,0,0,0,0,1,0,1,0,1,1,0,Yes,Austin Community College Police Department, ,Yes,[MAY CONTAIN PERSONALLY IDENTIFIABLE INFORMATION], ,,Y,,Y,"[REDACTED, MAY CONTAIN CONFIDENTIAL BUSINESS INFORMATION]",Y,"A Cruise autonomous vehicle (""AV""), operating in driverless autonomous mode, was traveling southbound on [XXX] between [XXX] and [XXX] when it experienced a system fault and achieved a minimal risk condition. A remote assistance advisor attempted to re-engage the AV and shifted the AV out of park. This led the AV to roll toward the side of the road and shortly thereafter come in contact with property adjacent to the roadway. This caused damage to the AV's front left windshield and sensors. Police were called to the scene. There were no reported injuries and the AV was towed. [REDACTED, MAY CONTAIN CONFIDENTIAL BUSINESS INFORMATION]",Y
30270-6149,2,Waymo LLC,0,0,1,0,0,,,2023,8,SADHW2S14M1,0,Jaguar,I-Pace,2021.0,33d60213f3005c0,59750.0,0,0,0,0,1,5th Generation,0,0,5th Generation,0,0,Version 8,0,0,,0,1,,0,1,1,ADOT,1,0,1,0,Waymo LLC,0,1,0,0,0,0,0,,2023,8,0,2023,8,21:37,0,04bce80be566c1b,Tempe,0,AZ ,0,1,0,0,0,0,1,0,0,0,1,0,0,0,35.0,0,1,0,0,0,0,0,1,0,0,0,0,0,0,0,,Passenger Car,0,0,0,0,1,1,Proceeding Straight,1,1,0,0,1,0,0,1,0,0,1,0,0,Stopped,0,1,0,0.0,0,1,0,0,1,0,0,1,0,0,0,0,0,0,1,0,1,1,0,Yes,Tempe Police Department, ,Yes,,Y,,Y,,Y,Yes, ,"The content of this report is unchanged from the initial report submitted on August 18, 2023 [REDACTED, MAY CONTAIN CONFIDENTIAL BUSINESS INFORMATION]. 
On August [XXX], 2023 at 9:37 PM PT a Waymo Autonomous Vehicle (Waymo AV) operating in Tempe, Arizona was in a collision involving a passenger vehicle on [XXX] near [XXX].
The Waymo AV was stopped in traffic at a red light for a pedestrian crosswalk, facing westbound on [XXX]. A passenger vehicle behind the Waymo AV approached and made contact with the rear of the Waymo AV. At the time of the impact, the Waymo AVs Level 4 ADS was engaged in autonomous mode. Both vehicles sustained damage.
Waymo is reporting this crash under Request No. 1 of Standing General Order 2021-01 because an individual involved was transported from the scene to a hospital for medical treatment. Waymo may supplement or correct its reporting with additional information as it may become available.",
30270-6150,1,Waymo LLC,0,1,0,0,0,,,2023,8,SADHW2S13M1,0,Jaguar,I-Pace,2021.0,31e7abc989c46e4,66652.0,0,0,0,0,1,5th Generation,0,0,5th Generation,0,0,Version 8,0,0,,0,1,,0,1,1,ADOT,1,0,1,0,Waymo LLC,0,1,0,0,0,0,0,,2023,8,0,2023,8,18:38,0,41ac060def1a649,Phoenix,0,AZ ,0,1,0,0,0,0,1,0,0,0,1,0,0,0,35.0,0,0,0,0,1,0,0,1,0,0,0,0,0,0,0,,Pickup Truck,0,0,1,0,0,1,Making Left Turn,0,0,0,0,0,0,0,0,0,0,1,0,0,Changing Lanes,0,1,0,8.0,0,0,1,0,0,0,0,0,0,0,0,0,0,0,1,0,1,1,0,No,, ,Yes,, ,, ,, ,Yes, ,"On August [XXX], 2023 at 6:38 PM PT a Waymo Autonomous Vehicle (Waymo AV) operating in Phoenix, Arizona was in a collision involving a pickup truck on [XXX] at [XXX].
The Waymo AV was stopped at a red light in the middle lane, facing northbound on [XXX] at [XXX]. When the light turned green, the pickup truck in the left turn lane to the left of the Waymo AV did not immediately proceed, and the Waymo AV attempted to merge into the left lane and make a left turn onto westbound [XXX] to pick up a rider that had hailed the Waymo AV while the vehicle was waiting at the red light. As the Waymo AV moved into the left lane, the adjacent pickup truck began to proceed forward and made contact with the drivers side of the Waymo AV. At the time of the impact, the Waymo AVs Level 4 ADS was engaged in autonomous mode. Both vehicles sustained damage.
Waymo is reporting this crash under Request No. 1 of Standing General Order 2021-01 because a vehicle involved was towed away. Waymo may supplement or correct its reporting with additional information as it may become available. This report was originally submitted to NHTSA on August 19, 2023 via emailed .pdf because NHTSAs online portal was offline for maintenance. Waymo submitted this report again via the re-opened portal on August 20, 2023.",
30270-6131,1,Waymo LLC,0,0,0,1,0,7.0,2023.0,2023,8,SADHW2S11M1,0,Jaguar,I-Pace,2021.0,03a8719f5e6a313,75443.0,0,0,0,0,1,5th Generation ADS,0,0,5th Generation,0,0,Version 8,0,0,,0,1,,0,1,1,ADOT,1,0,1,0,Waymo LLC,0,1,0,0,0,0,0,,2023,7,0,2023,7,9:02,0,b0278a04c4af33b,Phoenix,0,AZ ,0,0,0,1,0,0,1,0,0,0,1,0,0,0,25.0,0,0,0,0,1,0,0,0,0,1,0,0,0,0,0,,Passenger Car,0,0,1,0,0,1,Backing,0,0,0,0,0,0,0,0,1,0,0,0,0,Parked,0,0,0,0.0,0,1,0,0,0,0,0,0,0,0,0,0,0,0,1,0,1,1,0,No,, ,Yes,, ,, ,, ,Yes, ,"On July [XXX], 2023 at 9:02 AM PT a Waymo Autonomous Vehicle (Waymo AV) operating in Phoenix, Arizona was in a collision involving a passenger car on [XXX] at [XXX].
The Waymo AV was parallel parked along the right-hand curb on eastbound [XXX] when a passenger car reversed out of a driveway across the street from the Waymo AV and made contact with the driver side rear bumper of the Waymo AV. At the time of the impact, the Waymo AVs Level 4 ADS was engaged in autonomous mode. Both vehicles sustained damage.
Waymo is reporting this crash under Request No. 2 of Standing General Order 2021-01. Waymo may supplement or correct its reporting with additional information as it may become available.",
30530-6125,1,"Aurora Operations, Inc.",0,0,0,1,0,8.0,2023.0,2023,8,1XPBD49XXND,0,Peterbilt,579m,2022.0,de0dd48a84018f4,68773.0,0,0,1,0,0,"[REDACTED, MAY CONTAIN CONFIDENTIAL BUSINESS INFORMATION]",0,1,,0,0,,0,0,PACCAR Incorporated,0,0,,0,1,0,,1,0,1,0,"Aurora Operations, Inc.",0,0,0,1,0,0,0,,2023,7,0,2023,7,09:35,0,b4a57672f637bda,BUFFALO,0,TX ,1,0,0,0,0,0,1,0,0,0,1,0,0,0,70.0,0,0,0,0,1,0,0,1,0,0,0,0,0,0,0,,"Other, see Narrative",0,0,1,0,0,1,Unknown,0,0,0,0,0,0,0,0,0,0,0,0,1,Proceeding Straight,0,0,1,64.0,0,0,0,0,0,0,1,0,0,0,0,0,0,0,1,0,1,0,0,No,, ,No,, ,, ,, ,Yes, ,"At 09:35 AM CDT on July [XXX], 2023, an Aurora Class 8 truck was traveling southbound in autonomy mode on [XXX]  near [XXX] when the front windshield was struck by an unknown object. The bottom of the windshield had a hole about 3 inches in diameter. The vehicle operator disengaged autonomy and pulled over. The vehicle was able to be driven from the scene, and there were no reported injuries.",
540-6076,1,"General Motors, LLC",0,0,0,1,0,7.0,2023.0,2023,8,5G21A6P09P4,0,Cruise,AV,2023.0,1dbaf0db06851fc,5725.0,0,0,0,1,0,,1,0,,1,0,,1,0,Cruise LLC,0,0,,0,1,0,,1,0,1,0,Cruise LLC,0,1,0,1,0,0,0,,2023,7,0,2023,8,02:29,0,d48b8655a2a347a,Austin,0,TX ,0,1,0,0,0,0,1,0,0,0,1,0,0,0,25.0,0,1,0,0,0,0,0,1,0,0,0,0,0,0,0,,Pickup Truck,0,0,1,0,0,1,Proceeding Straight,0,0,0,1,0,0,0,0,0,0,0,0,0,Stopped,0,0,0,0.0,0,0,0,0,0,0,0,0,1,0,0,0,1,0,1,0,1,1,0,No,, ,Yes,, ,, ,, ,"Unknown, see Narrative", ,"On August 11, 2023, GM Cruise Holdings LLC (""Cruise"") filed an Incident Report (the ""Report"") under the Second Amended Standing General Order 2021-01, dated April 5, 2023 (the ""Order"") General Motors LLC (GM) manufactured the Cruise-operated motor vehicle involved in the incident summarized in the Incident Report. Because GM is also a Reporting Entity under the Order, GM is submitting a duplicate of the redacted public copy of the Report. GM has selected ""Unknown"" in the ""ADS version"" and ""ODD time"" fields solely to avoid a second submission of nonpublic Cruise CBI GM is in possession of Cruise's responses to these fields, and incorporates Cruise's responses into this submission by reference. GM's submission is based on facts supplied to GM by Cruise. GM has not investigated the alleged incident and currently believes, based on a reasonable inquiry, that it has no independent knowledge of the facts in the Report. (Reference file: 30412-6043).",
30412-6043,1,Cruise LLC,0,0,0,1,0,7.0,2023.0,2023,8,5G21A6P09P4,0,Cruise,AV,2023.0,1dbaf0db06851fc,5725.0,0,0,0,1,0,"[REDACTED, MAY CONTAIN CONFIDENTIAL BUSINESS INFORMATION]",0,1,"[REDACTED, MAY CONTAIN CONFIDENTIAL BUSINESS INFORMATION]",0,1,"[REDACTED, MAY CONTAIN CONFIDENTIAL BUSINESS INFORMATION]",0,1,"General Motors, LLC",0,0,,0,1,0,,1,0,1,0,Cruise LLC,0,1,0,1,0,0,0,,2023,7,0,2023,7,02:29,0,d48b8655a2a347a,Austin,0,TX ,0,1,0,0,0,0,1,0,0,0,1,0,0,0,25.0,0,1,0,0,0,0,0,1,0,0,0,0,0,0,0,,Pickup Truck,0,0,1,0,0,1,Proceeding Straight,0,0,0,1,0,0,0,0,0,0,0,0,0,Stopped,0,0,0,0.0,0,0,0,0,0,0,0,0,1,0,0,0,1,0,1,0,1,1,0,No,, ,Yes,, ,, ,, ,"[REDACTED, MAY CONTAIN CONFIDENTIAL BUSINESS INFORMATION]",Y,"A Cruise autonomous vehicle (""AV""), operating in driverless autonomous mode, was at a complete stop in the leftmost lane westbound on [XXX] at the intersection with [XXX] to not interfere with emergency vehicles in the intersection. While the AV was fully stopped, a Dodge Ram traveling in the adjacent lane to the right of the AV made contact with the AV, damaging the AV's front passenger side mirror, front passenger side radar assembly and front passenger side camera. The driver of the Dodge Ram left the scene without exchanging information. There were no reported injuries. [REDACTED, MAY CONTAIN CONFIDENTIAL BUSINESS INFORMATION]",Y
10003-6050,1,"Navistar, Inc.",0,1,0,0,0,,,2023,8,3HSDZAPRXNN,0,International,LT625,2022.0,b118d2fffb95a30,,1,1,0,0,0,Bendix Lane Keep Assist - Version unknown,0,0,"ABS ECU, Safety Direct Processor, and FLC20 Camera - version unknown",0,0,,1,0,,0,1,,0,1,0,,1,0,0,1,,1,0,0,0,0,0,0,,2022,12,0,2023,8,08:20,0,107615b2f60ddf7,Natural Bridge,0,VA ,1,0,0,0,0,0,1,0,0,0,1,0,0,0,70.0,0,0,0,0,1,0,0,1,0,0,0,0,0,0,0,,Other Fixed Object,0,0,1,0,0,1,,0,0,0,0,0,0,0,0,0,0,0,0,0,Proceeding Straight,0,1,1,55.0,0,1,1,1,0,0,1,1,1,1,0,0,1,1,0,0,0,0,0,Yes,Virginia State Police, ,Yes,[MAY CONTAIN PERSONALLY IDENTIFIABLE INFORMATION], ,,Y,,Y,"Unknown, see Narrative", ,"This vehicle is equipped with Lane Keep Assist (LKA) feature. At this time, the status of the LKA system during this event is unknown. Vehicle 1 (V1) was Northbound on [XXX] in Rockbridge County near Natural Bridge, Virginia. As stated in the police report, V1 ran off road left, struck the guardrail, went over embankment, and struck several trees. V1 was towed from the scene and operator of V1 was issued a citation. The road at the crash location curves to the right. Available EDR data indicates no significant changes in speed or direction in the 7 seconds prior to the incident.",
30413-6032,1,May Mobility,0,0,0,1,0,7.0,2023.0,2023,8,5TDYRKEC8MS,0,Toyota,Sienna,2021.0,285ccaeedd1a80e,18444.0,0,0,1,0,0,4,0,0,4,0,0,4,0,0,,0,1,,0,1,0,,1,0,1,0,May Mobility,0,0,0,1,0,0,0,,2023,7,0,2023,7,17:25,0,445549ec1774083,Grand Rapids,0,MN ,0,0,0,1,0,0,1,0,0,0,0,0,0,1,30.0,0,0,0,0,1,0,0,1,0,0,0,0,0,0,0,,Pickup Truck,0,0,1,0,0,0,Proceeding Straight,0,0,0,0,0,0,0,1,0,0,0,0,0,Stopped,0,0,0,0.0,0,0,0,0,1,0,0,0,0,0,0,0,0,0,0,0,1,0,0,No,, ,Yes,, ,, ,, ,Yes, ,"The May vehicle came to a gentle stop at the railroad crossing (about -0.8 m/s2 deceleration) as designed, but the agent behind did not come to a stop and made contact with the AV. The May shuttle behaved as expected and slowed down to a stop in a safe manner. The collision was unavoidable from the shuttle side.",
30270-5997,1,Waymo LLC,0,1,0,0,0,,,2023,8,SADHW2S19M1,0,Jaguar,I-Pace,2021.0,720a2c8a04ccf0d,35785.0,0,0,0,0,1,5th Generation,0,0,5th Generation,0,0,Version 8,0,0,,0,1,,0,1,1,ADOT,1,0,1,0,Waymo LLC,0,1,0,0,0,0,0,,2023,7,0,2023,7,15:34,0,62a06417fd0e440,Tempe,0,AZ ,0,0,0,1,0,0,1,0,0,0,0,0,0,1,40.0,0,0,0,0,1,0,0,1,0,0,0,0,0,0,0,,Passenger Car,1,0,0,0,0,1,Proceeding Straight,0,0,0,0,1,0,0,1,0,0,1,0,0,Proceeding Straight,0,1,0,3.0,0,1,0,0,1,0,0,1,0,0,0,0,0,0,1,0,1,1,0,Yes,Tempe Police Department, ,Yes,[MAY CONTAIN PERSONALLY IDENTIFIABLE INFORMATION], ,,Y,,Y,Yes, ,"On July [XXX], 2023 at 3:34 PM PT a Waymo Autonomous Vehicle (Waymo AV) operating in Tempe, Arizona was in a collision involving a passenger vehicle on [XXX] near [XXX]. 
The Waymo AV was traveling westbound on [XXX] in the left lane with a vehicle overtaking it in the right adjacent lane when it detected a large, fallen tree branch in part of its lane and applied braking in response. As the Waymo AV was braking and had slowed to 3 mph, a passenger vehicle behind the Waymo made contact with the rear of the Waymo AV. Moments later, an SUV behind the passenger vehicle made contact with the rear of the passenger vehicle. At the time of the impact, the Waymo AVs Level 4 ADS was engaged in autonomous mode. All vehicles sustained damage. Rather than wearing the seat belt, the passenger in the Waymo AV was sitting on the buckled seat belt at the time of the collision. The passenger declined medical attention.
Waymo is reporting this crash under Request No. 1 of Standing General Order 2021-01. Waymo may supplement or correct its reporting with additional information as it may become available.",
540-6002,1,"General Motors, LLC",0,1,0,0,0,,,2023,7,5G21A6P04P4,0,Cruise,AV,2023.0,c38a8b546fc9775,9111.0,0,0,0,1,0,,1,0,,1,0,,1,0,Cruise LLC,0,0,,0,1,0,,1,0,1,0,Cruise LLC,0,1,0,1,0,0,0,,2023,7,0,2023,7,05:35,0,853930efe63ba70,Austin,0,TX ,0,1,0,0,0,0,1,0,0,0,1,0,0,0,25.0,0,1,0,0,0,0,0,1,0,0,0,0,0,0,0,,SUV,0,0,1,0,0,1,Proceeding Straight,0,0,0,0,1,0,0,1,0,0,0,0,0,Proceeding Straight,0,1,0,22.0,0,1,0,0,1,0,0,1,0,0,0,0,1,0,1,0,1,1,0,Yes,Austin Police Department, ,Yes,[MAY CONTAIN PERSONALLY IDENTIFIABLE INFORMATION], ,,Y,,Y,"Unknown, see Narrative", ,"On July 27, 2023, GM Cruise Holdings LLC (""Cruise"") filed an Incident Report (the ""Report"") under the Second Amended Standing General Order 2021-01, dated April 5, 2023 (the ""Order"") General Motors LLC (GM) manufactured the Cruise-operated motor vehicle involved in the incident summarized in the Incident Report. Because GM is also a Reporting Entity under the Order, GM is submitting a duplicate of the redacted public copy of the Report. GM has selected ""Unknown"" in the ""ADS version"" and ""ODD time"" fields solely to avoid a second submission of nonpublic Cruise CBI GM is in possession of Cruise's responses to these fields, and incorporates Cruise's responses into this submission by reference. GM's submission is based on facts supplied to GM by Cruise. GM has not investigated the alleged incident and currently believes, based on a reasonable inquiry, that it has no independent knowledge of the facts in the Report. (Reference file: 30412-5992-1)",
30412-5992,1,Cruise LLC,0,1,0,0,0,,,2023,7,5G21A6P04P4,0,Cruise,AV,2023.0,c38a8b546fc9775,9111.0,0,0,0,1,0,"[REDACTED, MAY CONTAIN CONFIDENTIAL BUSINESS INFORMATION]",0,1,"[REDACTED, MAY CONTAIN CONFIDENTIAL BUSINESS INFORMATION]",0,1,"[REDACTED, MAY CONTAIN CONFIDENTIAL BUSINESS INFORMATION]",0,1,"General Motors, LLC",0,0,,0,1,0,,1,0,1,0,Cruise LLC,0,1,0,1,0,0,0,,2023,7,0,2023,7,05:35,0,853930efe63ba70,Austin,0,TX ,0,1,0,0,0,0,1,0,0,0,1,0,0,0,25.0,0,1,0,0,0,0,0,1,0,0,0,0,0,0,0,,SUV,0,0,1,0,0,1,Proceeding Straight,0,0,0,0,1,0,0,1,0,0,0,0,0,Proceeding Straight,0,1,0,22.0,0,1,0,0,1,0,0,1,0,0,0,0,1,0,1,0,1,1,0,Yes,Austin Police Department, ,Yes,[MAY CONTAIN PERSONALLY IDENTIFIABLE INFORMATION], ,,Y,,Y,"[REDACTED, MAY CONTAIN CONFIDENTIAL BUSINESS INFORMATION]",Y,"A Cruise autonomous vehicle (""Cruise AV""), operating in driverless autonomous mode, was traveling southbound on [XXX] between [XXX] and [XXX]. As the Cruise AV was passing through the intersection with [XXX] on a green light, a Chevy Tahoe traveling westbound on [XXX] failed to stop for the red light, entered the intersection, and made contact with the Cruise AV, damaging the rear driver side passenger door, rear driver side wheel opening molding, rear driver side quarter panel and rear bumper fascia of the Cruise AV. Police were called to the scene. There were no reported injuries and the Cruise AV was towed from the scene. [REDACTED, MAY CONTAIN CONFIDENTIAL BUSINESS INFORMATION]",Y
540-5991,1,"General Motors, LLC",0,1,0,0,0,,,2023,7,5G21A6P08N4,0,Cruise,AV,2022.0,d2d0a875e91a8e0,34706.0,0,0,1,1,0,,1,0,,1,0,,1,0,Cruise LLC,0,0,,0,1,1,AZ,1,0,1,0,Cruise LLC,0,1,0,1,1,0,0,,2023,7,0,2023,7,20:38,0,71e072b12612549,Tempe,0,AZ ,0,0,0,1,0,0,1,0,0,0,1,0,0,0,40.0,0,1,0,0,0,0,0,1,0,0,0,0,0,0,0,,Passenger Car,1,0,0,0,0,1,Changing Lanes,0,1,0,0,0,0,0,0,1,1,1,0,0,Proceeding Straight,0,0,1,27.0,0,0,0,1,0,0,0,0,1,0,0,0,1,0,1,0,1,1,0,Yes,Tempe Police Department, ,Yes,[MAY CONTAIN PERSONALLY IDENTIFIABLE INFORMATION], ,,Y,,Y,"Unknown, see Narrative", ,"On July 26, GM Cruise Holdings LLC (""Cruise"") filed an Incident Report (the ""Report"") under the Second Amended Standing General Order 2021-01, dated April 5, 2023 (the ""Order"") General Motors LLC (GM) manufactured the Cruise-operated motor vehicle involved in the incident summarized in the Incident Report. Because GM is also a Reporting Entity under the Order, GM is submitting a duplicate of the redacted public copy of the Report. GM has selected ""Unknown"" in the ""ADS version"" and ""ODD time"" fields solely to avoid a second submission of nonpublic Cruise CBI GM is in possession of Cruise's responses to these fields, and incorporates Cruise's responses into this submission by reference. GM's submission is based on facts supplied to GM by Cruise. GM has not investigated the alleged incident and currently believes, based on a reasonable inquiry, that it has no independent knowledge of the facts in the Report. (Reference file: 30412-5989-1)",
30412-5989,1,Cruise LLC,0,1,0,0,0,,,2023,7,5G21A6P08N4,0,Cruise,AV,2022.0,d2d0a875e91a8e0,34706.0,0,0,1,1,0,"[REDACTED, MAY CONTAIN CONFIDENTIAL BUSINESS INFORMATION]",0,1,"[REDACTED, MAY CONTAIN CONFIDENTIAL BUSINESS INFORMATION]",0,1,"[REDACTED, MAY CONTAIN CONFIDENTIAL BUSINESS INFORMATION]",0,1,"General Motors, LLC",0,0,,0,1,1,AZ,1,0,1,0,Cruise LLC,0,1,0,1,1,0,0,,2023,7,0,2023,7,20:38,0,71e072b12612549,Tempe,0,AZ ,0,0,0,1,0,0,1,0,0,0,1,0,0,0,40.0,0,1,0,0,0,0,0,1,0,0,0,0,0,0,0,,Passenger Car,1,0,0,0,0,1,Changing Lanes,0,1,0,0,0,0,0,0,1,1,1,0,0,Proceeding Straight,0,0,1,27.0,0,0,0,1,0,0,0,0,1,0,0,0,1,0,1,0,1,1,0,Yes,Tempe Police Department, ,Yes,[MAY CONTAIN PERSONALLY IDENTIFIABLE INFORMATION], ,,Y,,Y,"[REDACTED, MAY CONTAIN CONFIDENTIAL BUSINESS INFORMATION]",Y,"Cruise is submitting this as a 5-Day Report since it was confirmed on July [XXX], 2023 that an involved vehicle was towed from the scene. A Cruise autonomous vehicle (""Cruise AV""), operating in supervised autonomous mode, was traveling northbound on [XXX] in the rightmost lane between [XXX] and [XXX]. At the same time, a yellow Toyota Scion traveling in the leftmost lane veered into the Cruise AV's lane without a turn signal. The Cruise AV operator disengaged from autonomous into manual mode and braked to avoid the Toyota Scion, but shortly thereafter, contact was made with the Cruise AV's front driver side bumper fascia, damaging the front driver side bumper fascia, front driver side wheel opening molding, and front and rear passenger side doors. Police were called to the scene and the driver of the Toyota Scion was transported by police. The Cruise AV operators reported injuries and the Toyota Scion was towed from the incident. [REDACTED, MAY CONTAIN CONFIDENTIAL BUSINESS INFORMATION]",Y
540-5988,1,"General Motors, LLC",0,1,0,0,0,,,2023,7,5G21A6P04P4,0,Cruise,AV,2023.0,f9ad565040b41ff,7078.0,0,0,0,1,0,,1,0,,1,0,,1,0,Cruise LLC,0,0,,0,1,0,,1,0,1,0,Cruise LLC,0,1,0,1,0,0,0,,2023,7,0,2023,7,19:50,0,3577e4ade5fce24,Austin,0,TX ,0,1,0,0,0,0,1,0,0,0,1,0,0,0,25.0,0,0,0,1,0,0,0,1,0,0,0,0,0,0,0,,SUV,0,0,1,0,0,1,Proceeding Straight,1,1,0,0,1,0,0,1,0,0,1,0,0,Proceeding Straight,1,1,0,20.0,0,0,1,0,0,0,0,0,0,0,0,0,1,0,1,0,1,1,0,Yes,Texas Department of Public Safety, ,Yes,[MAY CONTAIN PERSONALLY IDENTIFIABLE INFORMATION], ,[MAY CONTAIN PERSONALLY IDENTIFIABLE INFORMATION], ,[MAY CONTAIN PERSONALLY IDENTIFIABLE INFORMATION], ,"Unknown, see Narrative", ,"On July 24, 2023, GM Cruise Holdings LLC (""Cruise"") filed an Incident Report (the ""Report"") under the Second Amended Standing General Order 2021-01, dated April 5, 2023 (the ""Order""). General Motors LLC (GM) manufactured the Cruise-operated motor vehicle involved in the incident summarized in the Incident Report. Because GM is also a Reporting Entity under the Order, GM is submitting a duplicate of the redacted public copy of the Report. GM has selected ""Unknown"" in the ""ADS version"" and ""ODD time"" fields solely to avoid a second submission of nonpublic Cruise CBI GM is in possession of Cruise's responses to these fields, and incorporates Cruise's responses into this submission by reference. GM's submission is based on facts supplied to GM by Cruise. GM has not investigated the alleged incident and currently believes, based on a reasonable inquiry, that it has no independent knowledge of the facts in the Report. (Reference file: 30412-5980-1)",