Report ID,Report Version,Reporting Entity,Report_Type_1 Day Update,Report_Type_5 Day Update,Report_Type_10 Day Update,Report_Type_Monthly Report,"Report_Type_Updated, but no time indicated",Report Month,Report Year,Submission Year,Submission Month,VIN,VIN - Unknown,Make,Model,Model Year,Same Vehicle ID,Mileage,Mileage - Unknown,Driver / Operator Type_Consumer,Driver / Operator Type_In-Vehicle,Driver / Operator Type_Remote,Driver / Operator Type_None or Other,ADAS/ADS System Version,ADAS/ADS System Version - Unk,ADAS/ADS System Version CBI,ADAS/ADS Hardware Version,ADAS/ADS Hardware Version - Unk,ADAS/ADS Hardware Version CBI,ADAS/ADS Software Version,ADAS/ADS Software Version - Unk,ADAS/ADS Software Version CBI,Other Reporting Entities?,Other Reporting Entities? - Unk,Other Reporting Entities? - NA,Federal Regulatory Exemption?,Federal Reg. Exemption - Unk,Federal Reg. Exemption - No,State or Local Permit?,State or Local Permit,ADS Equipped?,Automation System Engaged_ADAS,Automation System Engaged_ADS,"Automation System Engaged_Unknown, see Narrative",Operating Entity,Source - Complaint/Claim,Source - Telematics,Source - Law Enforcement,Source - Field Report,Source - Testing,Source - Media,Source - Other,Source - Other Text,Incident Year,Incident Month,Incident Date - Unknown,Notice Received Year,Notice Received Month,Incident Time (24:00),Incident Time - Unknown,Same Incident ID,City,City - Unknown,State,Roadway Type_Highway / Freeway,Roadway Type_Intersection,Roadway Type_Parking Lot,Roadway Type_Street,Roadway Type_Traffic Circle,Roadway Type_Unknown,Roadway Surface_Dry,Roadway Surface_Snow / Slush / Ice,Roadway Surface_Unknown,Roadway Surface_Wet,Roadway Description_No Unusual Conditions,Roadway Description_Traffic Incident,Roadway Description_Work Zone,"Roadway Description_Other, Unknown or Missing",Posted Speed Limit (MPH),Posted Speed Limit - Unknown,Lighting_Dark - Lighted,Lighting_Dark - Not Lighted,Lighting_Dawn / Dusk,Lighting_Daylight,Lighting_Other or Unknown,Lighting_Dark - Unknown Lighting,Weather - Clear,Weather - Snow,Weather - Cloudy,Weather - Fog/Smoke,Weather - Rain,Weather - Severe Wind,Weather - Unknown,Weather - Other,Weather - Other Text,Crash With,Highest Injury Severity Alleged_Minor,Highest Injury Severity Alleged_Moderate,Highest Injury Severity Alleged_No Injuries Reported,Highest Injury Severity Alleged_Serious,Highest Injury Severity Alleged_Unknown,Property Damage?,CP Pre-Crash Movement,CP Any Air Bags Deployed?,CP Was Vehicle Towed?,CP Contact Area - Rear Left,CP Contact Area - Left,CP Contact Area - Front Left,CP Contact Area - Rear,CP Contact Area - Top,CP Contact Area - Front,CP Contact Area - Rear Right,CP Contact Area - Right,CP Contact Area - Front Right,CP Contact Area - Bottom,CP Contact Area - Unknown,SV Pre-Crash Movement,SV Any Air Bags Deployed?,SV Was Vehicle Towed?,SV Were All Passengers Belted?,SV Precrash Speed (MPH),SV Pre-crash Speed - Unknown,SV Contact Area - Rear Left,SV Contact Area - Left,SV Contact Area - Front Left,SV Contact Area - Rear,SV Contact Area - Top,SV Contact Area - Front,SV Contact Area - Rear Right,SV Contact Area - Right,SV Contact Area - Front Right,SV Contact Area - Bottom,SV Contact Area - Unknown,Data Availability - EDR,Data Availability - Police Rpt,Data Availability - Telematics,Data Availability - Complaints,Data Availability - Video,Data Availability - Other,Data Availability - Unknown,Law Enforcement Investigating?,Investigating Agency,Investigating Agency - Unknown,Rep Ent Or Mfr Investigating?,Investigating Officer Name,Inv. Officer Name - Unknown,Investigating Officer Phone,Inv. Officer Phone - Unknown,Investigating Officer Email,Inv. Officer Email - Unknown,Within ODD?,Within ODD? - CBI,Narrative,Narrative - CBI?
30412-5980,1,Cruise LLC,0,1,0,0,0,,,2023,7,5G21A6P04P4,0,Cruise,AV,2023.0,f9ad565040b41ff,7078.0,0,0,0,1,0,"[REDACTED, MAY CONTAIN CONFIDENTIAL BUSINESS INFORMATION]",0,1,"[REDACTED, MAY CONTAIN CONFIDENTIAL BUSINESS INFORMATION]",0,1,"[REDACTED, MAY CONTAIN CONFIDENTIAL BUSINESS INFORMATION]",0,1,"General Motors, LLC",0,0,,0,1,0,,1,0,1,0,Cruise LLC,0,1,0,1,0,0,0,,2023,7,0,2023,7,19:50,0,3577e4ade5fce24,Austin,0,TX ,0,1,0,0,0,0,1,0,0,0,1,0,0,0,25.0,0,0,0,1,0,0,0,1,0,0,0,0,0,0,0,,SUV,0,0,1,0,0,1,Proceeding Straight,1,1,0,0,1,0,0,1,0,0,1,0,0,Proceeding Straight,1,1,0,20.0,0,0,1,0,0,0,0,0,0,0,0,0,1,0,1,0,1,1,0,Yes,Texas Department of Public Safety, ,Yes,[MAY CONTAIN PERSONALLY IDENTIFIABLE INFORMATION], ,[MAY CONTAIN PERSONALLY IDENTIFIABLE INFORMATION], ,[MAY CONTAIN PERSONALLY IDENTIFIABLE INFORMATION], ,"[REDACTED, MAY CONTAIN CONFIDENTIAL BUSINESS INFORMATION]",Y,"A Cruise autonomous vehicle (""Cruise AV""), operating in driverless autonomous mode, was traveling northbound on [XXX] between [XXX] and [XXX]. As the Cruise AV was passing through the intersection with [XXX] on a green light, a Nissan Pathfinder Armada traveling eastbound on [XXX] failed to stop for the red light in its direction of travel, entered the intersection, and made contact with the Cruise AV, damaging the driver side door, driver side fender, and front end of the drivetrain. Police were called to the scene. There were no reported injuries and the Cruise AV was towed from the scene. [REDACTED, MAY CONTAIN CONFIDENTIAL BUSINESS INFORMATION]",Y
30531-5966,1,Transdev Alternative Services,0,0,0,1,0,6.0,2023.0,2023,7,SADHW2S19M1,0,Jaguar,I-Pace,2021.0,b7b40f70f5e3f4f,68928.0,0,0,1,0,0,5th Generation,0,0,5th Generation,0,0,Version 8,0,0,Waymo LLC,0,0,,0,1,1,ADOT,1,0,1,0,Waymo LLC,0,1,0,0,0,0,0,,2023,6,0,2023,6,21:39,0,92adaa2cfbab458,Tempe,0,AZ ,1,0,0,0,0,0,1,0,0,0,1,0,0,0,65.0,0,0,1,0,0,0,0,1,0,0,0,0,0,0,0,,"Other, see Narrative",0,0,1,0,0,1,"Other, see Narrative",0,0,0,0,0,0,0,0,0,0,0,0,1,Proceeding Straight,0,0,1,56.0,0,0,0,0,0,0,0,0,0,1,0,0,0,0,1,0,1,1,0,No,, ,Yes,, ,, ,, ,Yes, ,"On June [XXX], 2023 at 9:39 PM PT a Waymo Autonomous Vehicle (""Waymo AV"") operating in Tempe, Arizona impacted road debris on [XXX] just past [XXX].
The Waymo AV was traveling eastbound on [XXX] in the far right lane when road debris appeared from under the passenger vehicle in front of the Waymo AV.  The Waymo AV test driver transitioned to manual mode just before the Waymo AV made contact with the road debris.  The Waymo AV sustained damage.
Transdev Alternative Services is reporting this crash under Request No. 2 of Standing General order 2021-01.  Transdev may supplement or correct its reporting with additional information as it may become available.  This is a duplicate of 30270-5962-1.",
30270-5962,1,Waymo LLC,0,0,0,1,0,6.0,2023.0,2023,7,SADHW2S19M1,0,Jaguar,I-Pace,2021.0,b7b40f70f5e3f4f,68928.0,0,0,1,0,0,5th Generation,0,0,5th Generation,0,0,Version 8,0,0,Transdev Alternative Services,0,0,,0,1,1,ADOT,1,0,1,0,Waymo LLC,0,1,0,0,0,0,0,,2023,6,0,2023,6,21:39,0,92adaa2cfbab458,Tempe,0,AZ ,1,0,0,0,0,0,1,0,0,0,1,0,0,0,65.0,0,0,1,0,0,0,0,1,0,0,0,0,0,0,0,,"Other, see Narrative",0,0,1,0,0,1,"Other, see Narrative",0,0,0,0,0,0,0,0,0,0,0,0,1,Proceeding Straight,0,0,1,56.0,0,0,0,0,0,0,0,0,0,1,0,0,0,0,1,0,1,1,0,No,, ,Yes,, ,, ,, ,Yes, ,"On June [XXX], 2023 at 9:39 PM PT a Waymo Autonomous Vehicle (Waymo AV) operating in Tempe, Arizona impacted road debris on [XXX] just past [XXX].
The Waymo AV was traveling eastbound on [XXX] in the far right lane when road debris appeared from under the passenger vehicle in front of the Waymo AV. The Waymo AV test driver transitioned to manual mode just before the Waymo AV made contact with the road debris. The Waymo AV sustained damage.
Waymo is reporting this crash under Request No. 2 of Standing General Order 2021-01. Waymo may supplement or correct its reporting with additional information as it may become available.",
540-5951,1,"General Motors, LLC",0,0,0,1,0,6.0,2023.0,2023,7,5G21A6P04P4,0,Cruise,AV,2023.0,e3c57b52e69c059,5697.0,0,0,0,1,0,,1,0,,1,0,,1,0,Cruise LLC,0,0,,0,1,0,,1,0,1,0,Cruise LLC,0,1,0,1,0,0,0,,2023,6,0,2023,7,21:04,0,bd417176f48c034,Austin,0,TX ,0,0,0,1,0,0,1,0,0,0,1,0,0,0,25.0,0,0,0,1,0,0,0,1,0,0,0,0,0,0,0,,Heavy Truck,0,0,1,0,0,1,Backing,0,0,1,0,0,0,0,0,0,0,0,0,0,Stopped,0,0,0,0.0,0,0,0,0,0,0,0,0,0,1,0,0,1,0,1,0,1,1,0,No,, ,Yes,, ,, ,, ,"Unknown, see Narrative", ,"On July 14, 2023, GM Cruise Holdings LLC (""Cruise"") filed an Incident Report (the ""Report"") under the Second Amended Standing General Order 2021-01, dated April 5, 2023 (the ""Order""). General Motors LLC (GM) manufactured the Cruise-operated motor vehicle involved in the incident summarized in the Incident Report. Because GM is also a Reporting Entity under the Order, GM is submitting a duplicate of the redacted public copy of the Report. GM has selected ""Unknown"" in the ""ADS version"" and ""ODD time"" fields solely to avoid a second submission of nonpublic Cruise CBI GM is in possession of Cruise's responses to these fields, and incorporates Cruise's responses into this submission by reference. GM's submission is based on facts supplied to GM by Cruise. GM has not investigated the alleged incident and currently believes, based on a reasonable inquiry, that it has no independent knowledge of the facts in the Report. (Reference file: 30412-5836-1)",
30410-5786,2,Motional,0,0,0,0,1,,,2023,7,KMHKM4AE9M1,0,Hyundai,Ioniq 5,2021.0,6dbef6b4d4ef3c4,5581.0,0,0,1,0,0,"[REDACTED, MAY CONTAIN CONFIDENTIAL BUSINESS INFORMATION]",0,1,"[REDACTED, MAY CONTAIN CONFIDENTIAL BUSINESS INFORMATION]",0,1,"[REDACTED, MAY CONTAIN CONFIDENTIAL BUSINESS INFORMATION]",0,1,,0,1,Part 591 Exemption granted by permission letter from NHTSA,0,0,1,Nevada,1,0,1,0,Motional,0,0,0,1,0,0,0,,2023,6,0,2023,6,21:42,0,fdceba88754ba36,Las Vegas,0,NV ,0,1,0,0,0,0,1,0,0,0,0,1,0,0,15.0,0,1,0,0,0,0,0,1,0,0,0,0,0,0,0,,Passenger Car,1,0,0,0,0,1,Making Left Turn,0,0,0,0,1,0,0,1,0,0,0,0,0,Making Left Turn,0,0,1,3.0,0,1,0,0,1,0,0,0,0,0,0,0,0,0,0,0,1,0,0,No,, ,Yes,, ,, ,, ,"[REDACTED, MAY CONTAIN CONFIDENTIAL BUSINESS INFORMATION]",Y,"On June [XXX], 2023, at 9:42 PM PDT, a Motional Hyundai Ioniq 5 was operating in autonomous mode with a safety driver at the wheel and a safety operator in the front passenger seat.
 
The Motional vehicle was northbound on [XXX], in the left-most of two left turn lanes, turning onto [XXX] at 10 MPH. The Motional vehicle then braked for an approaching taxi in the adjacent turn lane that was perceived to be crossing into the lane of the Motional vehicle and was rear-ended by a silver Toyota traveling behind it.",
30270-5896,1,Waymo LLC,0,1,0,0,0,,,2023,7,SADHW2S13M1,0,Jaguar,I-Pace,2021.0,674ecd091eec275,47784.0,0,0,0,0,1,5th Generation,0,0,5th Generation,0,0,Version 8,0,0,,0,1,,0,1,1,ADOT,1,0,1,0,Waymo LLC,0,1,0,0,0,0,0,,2023,7,0,2023,7,18:13,0,7af239ffdf71359,Chandler,0,AZ ,0,1,0,0,0,0,1,0,0,0,1,0,0,0,25.0,0,0,0,0,1,0,0,1,0,0,0,0,0,0,0,,Passenger Car,0,0,1,0,0,1,Crossing into Opposing Lane,0,1,0,1,1,0,0,1,0,0,0,0,0,Stopped,0,0,0,0.0,0,0,0,1,0,0,1,0,0,1,0,0,0,0,1,0,1,1,0,Yes,Chandler Police Department, ,Yes,,Y,,Y,,Y,Yes, ,"On July [XXX], 2023 at 6:13 PM PT a Waymo Autonomous Vehicle (Waymo AV) operating in Chandler, Arizona was in a collision involving a passenger car on [XXX] at [XXX].
The Waymo AV was traveling northbound on [XXX] and just passed [XXX] when an oncoming passenger car crossed into the Waymo AVs lane, toward the Waymo AV. The Waymo AV then stopped as the passenger vehicle continued to approach. The passenger vehicle then made contact with the front of the Waymo AV, and then made contact with the side of the Waymo AV as it left the scene. At the time of the impact, the Waymo AVs Level 4 ADS was engaged in autonomous mode. Both vehicles sustained damage.
Waymo is reporting this crash under Request No. 1 of Standing General Order 2021-01 because a vehicle involved was towed away. Waymo may supplement or correct its reporting with additional information as it may become available.",
669-5837,1,Hyundai Motor America,0,0,0,1,0,7.0,2023.0,2023,7,KMHKM4AE9M1,0,Hyundai,IONIQ 5,2021.0,6dbef6b4d4ef3c4,5581.0,0,0,1,0,0,"[REDACTED, MAY CONTAIN CONFIDENTIAL BUSINESS INFORMATION]",0,1,"[REDACTED, MAY CONTAIN CONFIDENTIAL BUSINESS INFORMATION]",0,1,"[REDACTED, MAY CONTAIN CONFIDENTIAL BUSINESS INFORMATION]",0,1,Motional,0,0,Part 591 Exemption granted by permission letter from NHTSA,0,0,1,Nevada,1,0,1,0,Motional,0,0,0,1,0,0,0,,2023,6,0,2023,6,21:42,0,fdceba88754ba36,Las Vegas,0,NV ,0,1,0,0,0,0,1,0,0,0,0,1,0,0,15.0,0,1,0,0,0,0,0,1,0,0,0,0,0,0,0,,Passenger Car,1,0,0,0,0,1,Making Left Turn,0,0,0,0,1,0,0,1,0,0,0,0,0,Making Left Turn,0,0,1,3.0,0,1,0,0,1,0,0,0,0,0,0,0,0,0,0,0,1,0,0,No,, ,Yes,, ,, ,, ,"[REDACTED, MAY CONTAIN CONFIDENTIAL BUSINESS INFORMATION]",Y,"On June 23, 2023, Motional informed HMNA's NASO of a crash incident occurring on June [XXX], 2023, at 9:42 PM PDT, involving a Hyundai IONIQ 5 test vehicle operating in proprietary ADS autonomous mode with a safety driver at the wheel and a safety operator in the front passenger seat.  According to Motional, the test vehicle was travelling northbound in the left-most of two left turn lanes on a local road at approximately 10 mph.  The test vehicle then braked for an approaching taxi in the adjacent lane that appeared to be crossing into the Motional test vehicle's lane and was rear-ended by a silver Toyota from behind.  The Toyota vehicle fled the scene of the accident.
Hyundai understands that the equipment and software used during the test is proprietary to Motional and not used as OEM equipment in any Hyundai/Genesis vehicle produced for sale to the general public.  Hyundai currently does not offer an ADS feature on any vehicle offered for sale in the U.S. market.",
30412-5836,1,Cruise LLC,0,0,0,1,0,6.0,2023.0,2023,7,5G21A6P04P4,0,Cruise,AV,2023.0,e3c57b52e69c059,5697.0,0,0,0,1,0,"[REDACTED, MAY CONTAIN CONFIDENTIAL BUSINESS INFORMATION]",0,1,"[REDACTED, MAY CONTAIN CONFIDENTIAL BUSINESS INFORMATION]",0,1,"[REDACTED, MAY CONTAIN CONFIDENTIAL BUSINESS INFORMATION]",0,1,"General Motors, LLC",0,0,,0,1,0,,1,0,1,0,Cruise LLC,0,1,0,1,0,0,0,,2023,6,0,2023,6,21:04,0,bd417176f48c034,Austin,0,TX ,0,0,0,1,0,0,1,0,0,0,1,0,0,0,25.0,0,0,0,1,0,0,0,1,0,0,0,0,0,0,0,,Heavy Truck,0,0,1,0,0,1,Backing,0,0,1,0,0,0,0,0,0,0,0,0,0,Stopped,0,0,0,0.0,0,0,0,0,0,0,0,0,0,1,0,0,1,0,1,0,1,1,0,No,, ,Yes,, ,, ,, ,"[REDACTED, MAY CONTAIN CONFIDENTIAL BUSINESS INFORMATION]",Y,"A Cruise autonomous vehicle (""Cruise AV""), operating in driverless autonomous mode, was traveling eastbound on [XXX] between [XXX] and [XXX]. The Cruise AV came to a complete stop for a double-parked flatbed tow truck in the Cruise AV's lane of travel. The Cruise AV began to maneuver around and to the left of the flatbed tow truck when the flatbed tow truck reversed into the Cruise AV, damaging the Cruise AV's front passenger side bumper fascia. The driver of the flatbed tow truck refused to exchange information. There were no reported injuries. [REDACTED, MAY CONTAIN CONFIDENTIAL BUSINESS INFORMATION]",Y
28349-5694,4,"Lucid USA, Inc.",0,0,0,0,1,,,2023,7,50EA1TEA6PA,0,Lucid,Air Touring,2023.0,32bda21cdfb3b83,3183.0,0,1,0,0,0,"[REDACTED, MAY CONTAIN CONFIDENTIAL BUSINESS INFORMATION]",0,1,"[REDACTED, MAY CONTAIN CONFIDENTIAL BUSINESS INFORMATION]",0,1,"[REDACTED, MAY CONTAIN CONFIDENTIAL BUSINESS INFORMATION]",0,1,,1,0,,0,1,0,,1,1,0,0,,0,1,0,0,0,0,1,Knox Towing Yard,2023,6,0,2023,6,14:59,0,59e155e20ed427f,Foster,0,RI ,1,0,0,0,0,0,1,0,0,0,1,0,0,0,45.0,0,0,0,0,1,0,0,0,0,1,0,0,0,0,1,Thundering,Pickup Truck,0,0,0,0,1,1,Making Left Turn,0,0,1,0,0,1,0,0,1,0,0,0,0,Proceeding Straight,1,1,1,53.0,0,0,0,1,0,0,1,0,0,1,0,0,0,0,1,0,0,0,0,Unknown,Foster Police Department, ,Yes,[MAY CONTAIN PERSONALLY IDENTIFIABLE INFORMATION], ,[MAY CONTAIN PERSONALLY IDENTIFIABLE INFORMATION], ,[MAY CONTAIN PERSONALLY IDENTIFIABLE INFORMATION], ,Yes, ,"Pre-crash movement through telematics data shows the Lucid vehicle proceeding straight driving 80 mph Eastbound in lane 1 on [XXX] (speed limit is 45 mph) on June [XXX], 2023. Initial information indicated one or both vehicles were towed away, though no information was included about injuries. A second before impact, the driver applies the brake pedal and provides steering wheel input to the right, then to the left, and finally to the right before impact. The telematics data shows the vehicle heading East on [XXX] and the crash signal occurs in the Northeast corner of the [XXX] ([XXX]), the speed of the Lucid Vehicle is logged at 53mph. Telematics data shows the driver airbag deployed.  On [XXX], a conversation with the towing company employee occurred in which the employee stated that the Lucid vehicle was cut off by an oncoming vehicle, a Chevy Crew Cab Pickup truck heading Westbound on [XXX]. The truck was turning left onto [XXX] and the Lucid vehicle impacted the rear right of the truck. The towing company employee stated that people involved in the accident were transported to the hospital for medical treatment.",
30531-5814,1,Transdev Alternative Services,0,1,0,0,0,,,2023,7,SADHW2S14M1,0,Jaguar,I-Pace,2021.0,4e6dc7156efb5a6,87101.0,0,0,1,0,0,5th Generation,0,0,5th Generation,0,0,Version 8,0,0,Transdev Alternative Services,0,0,,0,1,1,ADOT ,1,0,1,0,Waymo LLC,0,1,0,0,0,0,0,,2023,6,0,2023,6,20:58,0,7014e194a75b369,Phoenix,0,AZ ,0,0,0,1,0,0,1,0,0,0,1,0,0,0,35.0,0,1,0,0,0,0,0,1,0,0,0,0,0,0,0,,"Other, see Narrative",0,0,1,0,0,1,"Other, see Narrative",0,0,0,0,0,0,0,0,0,0,0,0,1,Changing Lanes,0,1,1,35.0,0,0,0,0,0,0,0,1,0,0,0,0,0,0,1,0,1,1,0,No,, ,Yes,, ,, ,, ,Yes, ,"On June [XXX], 2023 at 8:58 PM PT a Waymo Autonomous Vehicle ( Waymo AV ) operating in Phoenix, Arizona impacted road
debris on [XXX] near [XXX].
The Waymo AV was traveling southbound on [XXX] in the middle lane and preparing to make a right lane change. As it initiated
the lane change, the rear passenger side tire struck small debris in the road. At the time of the impact, the Waymo AV s Level 4 ADS
was engaged in autonomous mode, and a test driver was present (in the driver s seating position). The Waymo AV s tire
immediately deflated.
Transdev Alternative Services is reporting this event under Request No 1 of Standing General Order 2021 01 because a vehicle involved was towed away. This is a duplicate report to Waymo 30270-5813-1 report.",
30270-5813,1,Waymo LLC,0,1,0,0,0,,,2023,7,SADHW2S14M1,0,Jaguar,I-Pace,2021.0,4e6dc7156efb5a6,87101.0,0,0,1,0,0,5th Generation,0,0,5th Generation,0,0,Version 8,0,0,Transdev Alternative Services,0,0,,0,1,1,ADOT,1,0,1,0,Waymo LLC,0,1,0,0,0,0,0,,2023,6,0,2023,6,20:58,0,7014e194a75b369,Phoenix,0,AZ ,0,0,0,1,0,0,1,0,0,0,1,0,0,0,35.0,0,1,0,0,0,0,0,1,0,0,0,0,0,0,0,,"Other, see Narrative",0,0,1,0,0,1,"Other, see Narrative",0,0,0,0,0,0,0,0,0,0,0,0,1,Changing Lanes,0,1,1,35.0,0,0,0,0,0,0,0,1,0,0,0,0,0,0,1,0,1,1,0,No,, ,Yes,, ,, ,, ,Yes, ,"On June [XXX], 2023 at 8:58 PM PT a Waymo Autonomous Vehicle (Waymo AV) operating in Phoenix, Arizona impacted road debris on [XXX] near [XXX].
The Waymo AV was traveling southbound on [XXX] in the middle lane and preparing to make a right lane change. As it initiated the lane change, the rear passenger side tire struck small debris in the road. At the time of the impact, the Waymo AVs Level 4 ADS was engaged in autonomous mode, and a test driver was present (in the drivers seating position). The Waymo AVs tire immediately deflated.
Waymo is reporting this event under Request No. 1 of Standing General Order 2021-01 because a vehicle involved was towed away. Waymo may supplement or correct its reporting with additional information as it may become available.",
30531-5769,1,Transdev Alternative Services,0,0,0,1,0,5.0,2023.0,2023,6,SADHW2S1XM1,0,Jaguar,I-Pace,2021.0,2e422d7be58682f,69071.0,0,0,1,0,0,5th Generation ADS,0,0,5th Generation,0,0,Version 8,0,0,Waymo LLC,0,0,,0,1,1,ADOT,1,0,1,0,Waymo LLC,0,1,0,0,0,0,0,,2023,5,0,2023,5,23:30,0,61aad41dac56bc1,Tempe,0,AZ ,0,1,0,0,0,0,1,0,0,0,1,0,0,0,40.0,0,1,0,0,0,0,0,1,0,0,0,0,0,0,0,,Passenger Car,0,0,1,0,0,1,Proceeding Straight,0,0,0,0,0,0,0,1,0,0,0,0,0,Stopped,0,0,1,0.0,0,0,0,0,1,0,0,0,0,0,0,0,0,0,1,0,1,1,0,No,, ,Yes,, ,, ,, ,Yes, ,"On [XXX] at 11:30 PM PT a Waymo Autonomous Vehicle (""Waymo AV"") operating in Tempe, Arizona was in a collision involving a passenger vehicle on [XXX] at [XXX] Parkway.
The Waymo AV was stopped at a red light at the intersection of [XXX] at [XXX] Parkway.  A passenger vehicle that had been previously stopped behind the Waymo AV proceeded forward, making contact with the rear bumper of the Waymo AV.  At the time of the impact, the Waymo AV's Level 4 ADS was engaged in autonomous mode, and a test driver was present (in the driver's seating position).  The Waymo AV sustained damage.
Transdev Alternative Services is reporting this crash under Request No. 2 of Standing General order 2021-01.  Transdev may supplement or correct its reporting with additional information as it may become available.  This is a duplicate of NHTSA Report ID: 30270-5759-1.",
30531-5768,1,Transdev Alternative Services,0,0,0,1,0,5.0,2023.0,2023,6,SADHW2S15M1,0,Jaguar,I-Pace,2021.0,a96a4dfc1ceef90,61480.0,0,0,1,0,0,5th Generation ADS,0,0,5th Generation,0,0,Version 8,0,0,Waymo LLC,0,0,,0,1,1,ADOT,1,0,1,0,Waymo LLC,0,1,0,0,0,0,0,,2023,5,0,2023,5,21:29,0,18b6569f303f7e1,Mesa,0,AZ ,1,0,0,0,0,0,1,0,0,0,0,1,0,0,65.0,0,1,0,0,0,0,0,1,0,0,0,0,0,0,0,,"Other, see Narrative",0,0,1,0,0,1,"Other, see Narrative",0,0,0,0,0,0,0,0,0,0,0,0,1,Proceeding Straight,0,0,1,63.0,0,0,0,1,0,0,0,0,0,0,0,0,0,0,1,0,1,1,0,No,, ,Yes,, ,, ,, ,Yes, ,"On [XXX], 2023 at 9:29 PM PT a Waymo Autonomous Vehicle (""Waymo AV"") operating in Mesa, Arizona was ina. collision involving an object on the [XXX], East of [XXX].
The Waymo AV was traveling eastbound in the far right lane on a three-lane stretch of the [XXX] when a load of hay bales fell off a truck traveling in the center lane ahead of the Waymo AV.  The front left fender of the Waymo AV made contact with a hay bale.  At the time of the impact, the Waymo WV's Level 4 ADS was engaged in autonomous mode, and a test driver was present (in the driver's seating position).  The Waymo AV sustained damage.
Transdev Alternative Services is reporting this crash under Request No. 2 of Standing General order 2021-01.  Transdev may supplement or correct its reporting with additional information as it may become available.  This is a duplicate of NHTSA Report ID 30270-5757-1.",
30270-5760,1,Waymo LLC,0,0,0,1,0,5.0,2023.0,2023,6,SADHW2S14M1,0,Jaguar,I-Pace,2021.0,09f6e9bd642f040,55792.0,0,0,0,0,1,5th Generation ADS,0,0,5th Generation,0,0,Version 8,0,0,,0,1,,0,1,1,ADOT,1,0,1,0,Waymo LLC,0,1,0,0,0,0,0,,2023,5,0,2023,5,09:42,0,bed9a1515830ae3,Phoenix,0,AZ ,0,0,0,1,0,0,1,0,0,0,1,0,0,0,25.0,0,0,0,0,1,0,0,1,0,0,0,0,0,0,0,,Heavy Truck,0,0,1,0,0,1,Entering Traffic,0,0,0,1,0,0,0,0,0,0,0,0,0,Stopped,0,0,0,0.0,0,0,0,1,0,0,0,0,0,0,0,0,0,0,1,0,1,1,0,No,, ,Yes,, ,, ,, ,Yes, ,"On [XXX], 2023 at 09:42 AM PT a Waymo Autonomous Vehicle (Waymo AV) operating in Phoenix, Arizona was in a collision involving a heavy truck on [XXX], just west of [XXX].
The Waymo AV was traveling westbound on [XXX] when it came to a stop, yielding to a U-Haul box  truck that was attempting to reverse into a parking lot to the right of the Waymo AV. The truck exited the lot and re-entered the oncoming eastbound lane, making contact with the left front end of the Waymo AV. At the time of the impact, the Waymo AVs Level 4 ADS was engaged in autonomous mode. Both vehicles sustained damage.
Waymo is reporting this crash under Request No. 2 of Standing General Order 2021-01. Waymo may supplement or correct its reporting with additional information as it may become available.",
30270-5759,1,Waymo LLC,0,0,0,1,0,5.0,2023.0,2023,6,SADHW2S1XM1,0,Jaguar,I-Pace,2021.0,2e422d7be58682f,69071.0,0,0,1,0,0,5th Generation ADS,0,0,5th Generation,0,0,Version 8,0,0,Transdev Alternative Services,0,0,,0,1,1,ADOT,1,0,1,0,Waymo LLC,0,1,0,0,0,0,0,,2023,5,0,2023,5,23:30,0,61aad41dac56bc1,Tempe,0,AZ ,0,1,0,0,0,0,1,0,0,0,1,0,0,0,40.0,0,1,0,0,0,0,0,1,0,0,0,0,0,0,0,,Passenger Car,0,0,1,0,0,1,Proceeding Straight,0,0,0,0,0,0,0,1,0,0,0,0,0,Stopped,0,0,1,0.0,0,0,0,0,1,0,0,0,0,0,0,0,0,0,1,0,1,1,0,No,, ,Yes,, ,, ,, ,Yes, ,"On [XXX], 2023 at 11:30 PM PT a Waymo Autonomous Vehicle (Waymo AV) operating in Tempe, Arizona was in a collision involving a passenger vehicle on [XXX] at [XXX].
The Waymo AV was stopped at a red light at the intersection of [XXX] at [XXX]. A passenger vehicle that had been previously stopped behind the Waymo AV proceeded forward, making contact with the rear bumper of the Waymo AV. At the time of the impact, the Waymo AVs Level 4 ADS was engaged in autonomous mode, and a test driver was present (in the drivers seating position). The Waymo AV sustained damage.
Waymo is reporting this crash under Request No. 2 of Standing General Order 2021-01. Waymo may supplement or correct its reporting with additional information as it may become available.",
30270-5757,1,Waymo LLC,0,0,0,1,0,5.0,2023.0,2023,6,SADHW2S15M1,0,Jaguar,I-Pace,2021.0,a96a4dfc1ceef90,61480.0,0,0,1,0,0,5th Generation ADS,0,0,5th Generation,0,0,Version 8,0,0,Transdev Alternative Services,0,0,,0,1,1,ADOT,1,0,1,0,Waymo LLC,0,1,0,0,0,0,0,,2023,5,0,2023,5,21:29,0,18b6569f303f7e1,Mesa,0,AZ ,1,0,0,0,0,0,1,0,0,0,0,1,0,0,65.0,0,1,0,0,0,0,0,1,0,0,0,0,0,0,0,,"Other, see Narrative",0,0,1,0,0,1,"Other, see Narrative",0,0,0,0,0,0,0,0,0,0,0,0,1,Proceeding Straight,0,0,1,63.0,0,0,0,1,0,0,0,0,0,0,0,0,0,0,1,0,1,1,0,No,, ,Yes,, ,, ,, ,Yes, ,"On [XXX], 2023 at 9:29 PM PT a Waymo Autonomous Vehicle (Waymo AV) operating in Mesa, Arizona was in a collision involving an object on the [XXX], East of [XXX].
The Waymo AV was traveling eastbound in the far right lane on a three-lane stretch of the [XXX] when a load of hay bales fell off a truck traveling in the center lane ahead of the Waymo AV. The front left fender of the Waymo AV made contact with a hay bale. At the time of the impact, the Waymo AVs Level 4 ADS was engaged in autonomous mode, and a test driver was present (in the drivers seating position). The Waymo AV sustained damage.
Waymo is reporting this crash under Request No. 2 of Standing General Order 2021-01. Waymo may supplement or correct its reporting with additional information as it may become available.",