Report ID,Report Version,Reporting Entity,Report_Type_1 Day Update,Report_Type_5 Day Update,Report_Type_10 Day Update,Report_Type_Monthly Report,"Report_Type_Updated, but no time indicated",Report Month,Report Year,Submission Year,Submission Month,VIN,VIN - Unknown,Make,Model,Model Year,Same Vehicle ID,Mileage,Mileage - Unknown,Driver / Operator Type_Consumer,Driver / Operator Type_In-Vehicle,Driver / Operator Type_Remote,Driver / Operator Type_None or Other,ADAS/ADS System Version,ADAS/ADS System Version - Unk,ADAS/ADS System Version CBI,ADAS/ADS Hardware Version,ADAS/ADS Hardware Version - Unk,ADAS/ADS Hardware Version CBI,ADAS/ADS Software Version,ADAS/ADS Software Version - Unk,ADAS/ADS Software Version CBI,Other Reporting Entities?,Other Reporting Entities? - Unk,Other Reporting Entities? - NA,Federal Regulatory Exemption?,Federal Reg. Exemption - Unk,Federal Reg. Exemption - No,State or Local Permit?,State or Local Permit,ADS Equipped?,Automation System Engaged_ADAS,Automation System Engaged_ADS,"Automation System Engaged_Unknown, see Narrative",Operating Entity,Source - Complaint/Claim,Source - Telematics,Source - Law Enforcement,Source - Field Report,Source - Testing,Source - Media,Source - Other,Source - Other Text,Incident Year,Incident Month,Incident Date - Unknown,Notice Received Year,Notice Received Month,Incident Time (24:00),Incident Time - Unknown,Same Incident ID,City,City - Unknown,State,Roadway Type_Highway / Freeway,Roadway Type_Intersection,Roadway Type_Parking Lot,Roadway Type_Street,Roadway Type_Traffic Circle,Roadway Type_Unknown,Roadway Surface_Dry,Roadway Surface_Snow / Slush / Ice,Roadway Surface_Unknown,Roadway Surface_Wet,Roadway Description_No Unusual Conditions,Roadway Description_Traffic Incident,Roadway Description_Work Zone,"Roadway Description_Other, Unknown or Missing",Posted Speed Limit (MPH),Posted Speed Limit - Unknown,Lighting_Dark - Lighted,Lighting_Dark - Not Lighted,Lighting_Dawn / Dusk,Lighting_Daylight,Lighting_Other or Unknown,Lighting_Dark - Unknown Lighting,Weather - Clear,Weather - Snow,Weather - Cloudy,Weather - Fog/Smoke,Weather - Rain,Weather - Severe Wind,Weather - Unknown,Weather - Other,Weather - Other Text,Crash With,Highest Injury Severity Alleged_Minor,Highest Injury Severity Alleged_Moderate,Highest Injury Severity Alleged_No Injuries Reported,Highest Injury Severity Alleged_Serious,Highest Injury Severity Alleged_Unknown,Property Damage?,CP Pre-Crash Movement,CP Any Air Bags Deployed?,CP Was Vehicle Towed?,CP Contact Area - Rear Left,CP Contact Area - Left,CP Contact Area - Front Left,CP Contact Area - Rear,CP Contact Area - Top,CP Contact Area - Front,CP Contact Area - Rear Right,CP Contact Area - Right,CP Contact Area - Front Right,CP Contact Area - Bottom,CP Contact Area - Unknown,SV Pre-Crash Movement,SV Any Air Bags Deployed?,SV Was Vehicle Towed?,SV Were All Passengers Belted?,SV Precrash Speed (MPH),SV Pre-crash Speed - Unknown,SV Contact Area - Rear Left,SV Contact Area - Left,SV Contact Area - Front Left,SV Contact Area - Rear,SV Contact Area - Top,SV Contact Area - Front,SV Contact Area - Rear Right,SV Contact Area - Right,SV Contact Area - Front Right,SV Contact Area - Bottom,SV Contact Area - Unknown,Data Availability - EDR,Data Availability - Police Rpt,Data Availability - Telematics,Data Availability - Complaints,Data Availability - Video,Data Availability - Other,Data Availability - Unknown,Law Enforcement Investigating?,Investigating Agency,Investigating Agency - Unknown,Rep Ent Or Mfr Investigating?,Investigating Officer Name,Inv. Officer Name - Unknown,Investigating Officer Phone,Inv. Officer Phone - Unknown,Investigating Officer Email,Inv. Officer Email - Unknown,Within ODD?,Within ODD? - CBI,Narrative,Narrative - CBI?
30270-5756,1,Waymo LLC,0,0,0,1,0,5.0,2023.0,2023,6,SADHW2S17M1,0,Jaguar,I-Pace,2021.0,fcd7d30508e9fce,34261.0,0,0,0,0,1,5th Generation ADS,0,0,5th Generation,0,0,Version 8,0,0,,0,1,,0,1,1,ADOT,1,0,1,0,Waymo LLC,0,1,0,0,0,0,0,,2023,5,0,2023,5,13:37,0,7734824b07cf454,Phoenix,0,AZ ,0,0,0,1,0,0,1,0,0,0,1,0,0,0,35.0,0,0,0,0,1,0,0,1,0,0,0,0,0,0,0,,Passenger Car,0,0,1,0,0,1,Lane / Road Departure,0,0,1,0,0,0,0,0,0,0,0,0,0,Proceeding Straight,0,0,0,32.0,0,0,1,0,0,0,0,0,0,0,0,0,0,0,1,0,1,1,0,No,, ,Yes,, ,, ,, ,Yes, ,"On [XXX], 2023 at 1:37 PM PT a Waymo Autonomous Vehicle (Waymo AV) operating in Phoenix, Arizona was in a collision involving a passenger vehicle on [XXX] at S [XXX]. 
While traveling eastbound on [XXX], a passenger vehicle in the oncoming lane veered out of their lane and into the eastbound lane. The vehicle made contact with the left rear door of the Waymo AV. At the time of the impact, the Waymo AVs Level 4 ADS was engaged in autonomous mode. The other party immediately left the scene without exchanging information. The Waymo AV sustained damage.
Waymo is reporting this crash under Request No. 2 of Standing General Order 2021-01. Waymo may supplement or correct its reporting with additional information as it may become available.",
540-5735,1,"General Motors, LLC",0,0,0,1,0,5.0,2023.0,2023,6,5G21A6P06P4,0,Cruise,AV,2023.0,68c0a206981a597,8032.0,0,0,0,1,0,,1,0,,1,0,,1,0,Cruise LLC,0,0,,0,1,0,,1,0,1,0,Cruise LLC,0,1,0,1,0,0,0,,2023,5,0,2023,6,00:14,0,85bf4a37bd6ec26,Austin,0,TX ,0,0,0,1,0,0,1,0,0,0,1,0,0,0,25.0,0,1,0,0,0,0,0,1,0,0,0,0,0,0,0,,SUV,0,0,1,0,0,1,Proceeding Straight,0,0,0,0,0,0,0,0,0,1,0,0,0,Stopped,0,0,0,0.0,0,1,0,0,0,0,0,0,0,0,0,0,1,0,1,0,1,1,0,No,, ,Yes,, ,, ,, ,"Unknown, see Narrative", ,"On June 14, 2023, GM Cruise Holdings LLC (""Cruise"") filed an Incident Report (the ""Report"") under the Second Amended Standing General Order 2021-01, dated April 5, 2023 (the ""Order""). General Motors LLC (GM) manufactured the Cruise-operated motor vehicle involved in the incident summarized in the Incident Report. Because GM is also a Reporting Entity under the Order, GM is submitting a duplicate of the redacted public copy of the Report. GM has selected ""Unknown"" in the ""ADS version"" and ""ODD time"" fields solely to avoid a second submission of nonpublic Cruise CBI GM is in possession of Cruise's responses to these fields, and incorporates Cruise's responses into this submission by reference. GM's submission is based on facts supplied to GM by Cruise. GM has not investigated the alleged incident and currently believes, based on a reasonable inquiry, that it has no independent knowledge of the facts in the Report. (Reference file: 30412-5711-1)",
540-5731,1,"General Motors, LLC",0,0,0,1,0,5.0,2023.0,2023,6,5G21A6P00N4,0,Cruise,AV,2022.0,20fd2beae76defe,12624.0,0,0,0,1,0,,1,0,,1,0,,1,0,Cruise LLC,0,0,,0,1,0,,1,0,1,0,Cruise LLC,0,1,0,1,0,0,0,,2023,5,0,2023,6,23:12,0,6ec340eafed8851,Austin,0,TX ,0,0,0,1,0,0,1,0,0,0,1,0,0,0,25.0,0,1,0,0,0,0,0,1,0,0,0,0,0,0,0,,Passenger Car,0,0,1,0,0,1,Proceeding Straight,0,0,0,0,1,0,0,1,0,0,1,0,0,Stopped,0,0,1,0.0,0,1,0,0,1,0,0,1,0,0,0,0,1,0,1,0,1,1,0,No,, ,Yes,, ,, ,, ,"Unknown, see Narrative", ,"On June 14, 2023, GM Cruise Holdings LLC (""Cruise"") filed an Incident Report (the ""Report"") under the Second Amended Standing General Order 2021-01, dated April 5, 2023 (the ""Order""). General Motors LLC (GM) manufactured the Cruise-operated motor vehicle involved in the incident summarized in the Incident Report. Because GM is also a Reporting Entity under the Order, GM is submitting a duplicate of the redacted public copy of the Report. GM has selected ""Unknown"" in the ""ADS version"" and ""ODD time"" fields solely to avoid a second submission of nonpublic Cruise CBI GM is in possession of Cruise's responses to these fields, and incorporates Cruise's responses into this submission by reference. GM's submission is based on facts supplied to GM by Cruise. GM has not investigated the alleged incident and currently believes, based on a reasonable inquiry, that it has no independent knowledge of the facts in the Report. (Reference file: 30412-5710-1)",
540-5730,1,"General Motors, LLC",0,0,0,1,0,5.0,2023.0,2023,6,5G21A6P01P4,0,Cruise,AV,2023.0,8fe1001f7c3bfc0,6367.0,0,0,0,1,0,,1,0,,1,0,,1,0,Cruise LLC,0,0,,0,1,0,,1,0,1,0,Cruise LLC,0,1,0,1,0,0,0,,2023,5,0,2023,6,00:35,0,c849a0142da5979,Austin,0,TX ,0,0,0,1,0,0,1,0,0,0,1,0,0,0,25.0,0,1,0,0,0,0,0,1,0,0,0,0,0,0,0,,Passenger Car,0,0,1,0,0,1,Stopped,0,0,0,1,0,0,0,0,0,0,0,0,0,Proceeding Straight,1,0,0,8.0,0,0,0,0,0,0,0,0,0,1,0,0,1,0,1,0,1,1,0,No,, ,Yes,, ,, ,, ,"Unknown, see Narrative", ,"On June 14, 2023, GM Cruise Holdings LLC (""Cruise"") filed an Incident Report (the ""Report"") under the Second Amended Standing General Order 2021-01, dated April 5, 2023 (the ""Order""). General Motors LLC (GM) manufactured the Cruise-operated motor vehicle involved in the incident summarized in the Incident Report. Because GM is also a Reporting Entity under the Order, GM is submitting a duplicate of the redacted public copy of the Report. GM has selected ""Unknown"" in the ""ADS version"" and ""ODD time"" fields solely to avoid a second submission of nonpublic Cruise CBI GM is in possession of Cruise's responses to these fields, and incorporates Cruise's responses into this submission by reference. GM's submission is based on facts supplied to GM by Cruise. GM has not investigated the alleged incident and currently believes, based on a reasonable inquiry, that it has no independent knowledge of the facts in the Report. (Reference file: 30412-5709-1)",
540-5729,1,"General Motors, LLC",0,0,0,1,0,5.0,2023.0,2023,6,5G21A6P04P4,0,Cruise,AV,2023.0,6b91ce8b8021f2c,1459.0,0,0,0,1,0,,1,0,,1,0,,1,0,Cruise LLC,0,0,,0,1,0,,1,0,1,0,Cruise LLC,0,1,0,1,0,0,0,,2023,5,0,2023,6,00:35,0,421b580a5088b18,Austin,0,TX ,0,0,0,1,0,0,1,0,0,0,1,0,0,0,25.0,0,1,0,0,0,0,0,1,0,0,0,0,0,0,0,,Passenger Car,0,0,1,0,0,1,Proceeding Straight,0,0,0,0,0,0,0,0,0,0,1,0,0,Stopped,0,0,0,0.0,0,0,1,0,0,0,0,0,0,0,0,0,1,0,1,0,1,1,0,No,, ,Yes,, ,, ,, ,"Unknown, see Narrative", ,"On June 14, 2023, GM Cruise Holdings LLC (""Cruise"") filed an Incident Report (the ""Report"") under the Second Amended Standing General Order 2021-01, dated April 5, 2023 (the ""Order""). General Motors LLC (GM) manufactured the Cruise-operated motor vehicle involved in the incident summarized in the Incident Report. Because GM is also a Reporting Entity under the Order, GM is submitting a duplicate of the redacted public copy of the Report. GM has selected ""Unknown"" in the ""ADS version"" and ""ODD time"" fields solely to avoid a second submission of nonpublic Cruise CBI GM is in possession of Cruise's responses to these fields, and incorporates Cruise's responses into this submission by reference. GM's submission is based on facts supplied to GM by Cruise. GM has not investigated the alleged incident and currently believes, based on a reasonable inquiry, that it has no independent knowledge of the facts in the Report. (Reference file: 30412-5708-1)",
30412-5711,1,Cruise LLC,0,0,0,1,0,5.0,2023.0,2023,6,5G21A6P06P4,0,Cruise,AV,2023.0,68c0a206981a597,8032.0,0,0,0,1,0,"[REDACTED, MAY CONTAIN CONFIDENTIAL BUSINESS INFORMATION]",0,1,"[REDACTED, MAY CONTAIN CONFIDENTIAL BUSINESS INFORMATION]",0,1,"[REDACTED, MAY CONTAIN CONFIDENTIAL BUSINESS INFORMATION]",0,1,"General Motors, LLC",0,0,,0,1,0,,1,0,1,0,Cruise LLC,0,1,0,1,0,0,0,,2023,5,0,2023,5,00:14,0,85bf4a37bd6ec26,Austin,0,TX ,0,0,0,1,0,0,1,0,0,0,1,0,0,0,25.0,0,1,0,0,0,0,0,1,0,0,0,0,0,0,0,,SUV,0,0,1,0,0,1,Proceeding Straight,0,0,0,0,0,0,0,0,0,1,0,0,0,Stopped,0,0,0,0.0,0,1,0,0,0,0,0,0,0,0,0,0,1,0,1,0,1,1,0,No,, ,Yes,, ,, ,, ,"[REDACTED, MAY CONTAIN CONFIDENTIAL BUSINESS INFORMATION]",Y,"A Cruise autonomous vehicle (""Cruise AV""), operating in driverless autonomous mode, was stopped for a passenger drop-off beside the right curb of [XXX] between [XXX] and [XXX]. After dropping off the passengers, and while the Cruise AV remained stopped out of the lane of traffic, a black GMC truck traveling behind and to the left of the Cruise AV made contact with the Cruise AV while attempting to pass to the left, damaging the driver side rear bumper fascia reflector of the Cruise AV. The driver of the GMC truck left the scene without exchanging information. There were no reported injuries. [REDACTED, MAY CONTAIN CONFIDENTIAL BUSINESS INFORMATION]",Y
30412-5710,1,Cruise LLC,0,0,0,1,0,5.0,2023.0,2023,6,5G21A6P00N4,0,Cruise,AV,2022.0,20fd2beae76defe,12624.0,0,0,0,1,0,"[REDACTED, MAY CONTAIN CONFIDENTIAL BUSINESS INFORMATION]",0,1,"[REDACTED, MAY CONTAIN CONFIDENTIAL BUSINESS INFORMATION]",0,1,"[REDACTED, MAY CONTAIN CONFIDENTIAL BUSINESS INFORMATION]",0,1,"General Motors, LLC",0,0,,0,1,0,,1,0,1,0,Cruise LLC,0,1,0,1,0,0,0,,2023,5,0,2023,5,23:12,0,6ec340eafed8851,Austin,0,TX ,0,0,0,1,0,0,1,0,0,0,1,0,0,0,25.0,0,1,0,0,0,0,0,1,0,0,0,0,0,0,0,,Passenger Car,0,0,1,0,0,1,Proceeding Straight,0,0,0,0,1,0,0,1,0,0,1,0,0,Stopped,0,0,1,0.0,0,1,0,0,1,0,0,1,0,0,0,0,1,0,1,0,1,1,0,No,, ,Yes,, ,, ,, ,"[REDACTED, MAY CONTAIN CONFIDENTIAL BUSINESS INFORMATION]",Y,"A Cruise autonomous vehicle (""Cruise AV""), operating in driverless autonomous mode, was at a complete stop in response to a red light on [XXX] at the intersection with [XXX]. While the Cruise AV was fully stopped, a white Ford van approaching from the rear failed to stop behind the Cruise AV and made contact with the Cruise AV's rear bumper, causing damage to the rear fascia of the Cruise AV. The driver of the Ford van left the scene without exchanging information. There were no reported injuries. [REDACTED, MAY CONTAIN CONFIDENTIAL BUSINESS INFORMATION]",Y
30412-5709,1,Cruise LLC,0,0,0,1,0,5.0,2023.0,2023,6,5G21A6P01P4,0,Cruise,AV,2023.0,8fe1001f7c3bfc0,6367.0,0,0,0,1,0,"[REDACTED, MAY CONTAIN CONFIDENTIAL BUSINESS INFORMATION]",0,1,"[REDACTED, MAY CONTAIN CONFIDENTIAL BUSINESS INFORMATION]",0,1,"[REDACTED, MAY CONTAIN CONFIDENTIAL BUSINESS INFORMATION]",0,1,"General Motors, LLC",0,0,,0,1,0,,1,0,1,0,Cruise LLC,0,1,0,1,0,0,0,,2023,5,0,2023,5,00:35,0,c849a0142da5979,Austin,0,TX ,0,0,0,1,0,0,1,0,0,0,1,0,0,0,25.0,0,1,0,0,0,0,0,1,0,0,0,0,0,0,0,,Passenger Car,0,0,1,0,0,1,Stopped,0,0,0,1,0,0,0,0,0,0,0,0,0,Proceeding Straight,0,0,0,8.0,0,0,0,0,0,0,0,0,0,1,0,0,1,0,1,0,1,1,0,No,, ,Yes,, ,, ,, ,"[REDACTED, MAY CONTAIN CONFIDENTIAL BUSINESS INFORMATION]",Y,"A Cruise autonomous vehicle (""Cruise AV 1""), operating in driverless autonomous mode, was stopped for a passenger drop-off beside the right curb of [XXX] between W. [XXX] and [XXX]. A passenger of Cruise AV 1 opened the driver side rear passenger door into the lane of traffic as another Cruise AV (""Cruise AV 2""), operating in driverless autonomous mode, was passing by Cruise AV 1. The door of Cruise AV 1 made contact with Cruise AV 2 as Cruise AV 2 was passing. The contact caused damage to the front passenger side radar assembly of Cruise AV 2. There were no reported injuries. 
Although this contact was a single incident, we are reporting the incident in two separate SGO reports because it involved two Cruise AVs. Cruise AV 1 is the ""subject vehicle"" of CruiseLLC-30412-5708-1. Cruise AV 2 is the ""subject vehicle"" of CruiseLLC-30412-5709-1. [REDACTED, MAY CONTAIN CONFIDENTIAL BUSINESS INFORMATION]",Y
30412-5708,1,Cruise LLC,0,0,0,1,0,5.0,2023.0,2023,6,5G21A6P04P4,0,Cruise,AV,2023.0,6b91ce8b8021f2c,1459.0,0,0,0,1,0,"[REDACTED, MAY CONTAIN CONFIDENTIAL BUSINESS INFORMATION]",0,1,"[REDACTED, MAY CONTAIN CONFIDENTIAL BUSINESS INFORMATION]",0,1,"[REDACTED, MAY CONTAIN CONFIDENTIAL BUSINESS INFORMATION]",0,1,"General Motors, LLC",0,0,,0,1,0,,1,0,1,0,Cruise LLC,0,1,0,1,0,0,0,,2023,5,0,2023,5,00:35,0,421b580a5088b18,Austin,0,TX ,0,0,0,1,0,0,1,0,0,0,1,0,0,0,25.0,0,1,0,0,0,0,0,1,0,0,0,0,0,0,0,,Passenger Car,0,0,1,0,0,1,Proceeding Straight,0,0,0,0,0,0,0,0,0,0,1,0,0,Stopped,0,0,0,0.0,0,0,1,0,0,0,0,0,0,0,0,0,1,0,1,0,1,1,0,No,, ,Yes,, ,, ,, ,"[REDACTED, MAY CONTAIN CONFIDENTIAL BUSINESS INFORMATION]",Y,"A Cruise autonomous vehicle (""Cruise AV 1""), operating in driverless autonomous mode, was stopped for a passenger drop-off beside the right curb of [XXX] between [XXX] and [XXX]. A passenger of Cruise AV 1 opened the driver side rear passenger door into the lane of traffic as another Cruise AV (""Cruise AV 2""), operating in driverless autonomous mode, was passing by Cruise AV 1. The door of Cruise AV 1 made contact with Cruise AV 2 as Cruise AV 2 was passing. The contact caused damage to the front passenger side radar assembly of Cruise AV 2. There were no reported injuries. 
Although this contact was a single incident, we are reporting the incident in two separate SGO reports because it involved two Cruise AVs. Cruise AV 1 is the ""subject vehicle"" of CruiseLLC-30412-5708-1. Cruise AV 2 is the ""subject vehicle"" of CruiseLLC-30412-5709-1. [REDACTED, MAY CONTAIN CONFIDENTIAL BUSINESS INFORMATION]",Y
30610-4814,2,"Zoox, Inc.",0,0,0,0,1,,,2023,6,5TDDCRFH1G8,0,Toyota,Highlander,2016.0,7e7d2e10d098731,112547.0,0,0,1,0,0,90.23.01.22,0,0,90.23.01.22,0,0,90.23.01.22,0,0,,0,1,,0,1,1,NV DMV AVT Permit,1,0,1,0,Zoox,0,0,0,1,1,0,0,,2023,1,0,2023,1,15:00,0,fa6f0b9dcf1eda3,Las Vegas,0,NV ,0,0,0,1,0,0,1,0,0,0,1,0,0,0,30.0,0,0,0,0,1,0,0,1,0,0,0,0,0,0,0,,Passenger Car,0,0,1,0,0,1,Changing Lanes,0,0,0,0,1,0,0,0,0,0,0,0,0,Proceeding Straight,0,0,1,24.0,0,0,0,0,0,0,0,0,1,0,0,0,0,0,1,0,1,0,0,No,, ,No,, ,, ,, ,Yes, ,"A Zoox vehicle was proceeding northbound on [XXX]. towards [XXX]. when a passenger vehicle in the right adjacent lane swerved into the Zoox vehicles lane and made contact with the right passenger side door. The other vehicle also made contact with the vehicle in front of them after contacting the Zoox vehicle. There were no injuries reported at that time and police were not called.  Zoox is submitting this updated report to include new information of a claim dated [XXX], 2023, including unspecified ""personal injury.""  This update provides complete information to date for this incident.",
30610-5714,1,"Zoox, Inc.",0,0,0,1,0,6.0,2023.0,2023,6,5TDDCRFH3GS,0,Toyota,Highlander,2016.0,2401d351bdc80d9,120162.0,0,0,1,0,0,86.23.05.15,0,0,86.23.05.15,0,0,86.23.05.15,0,0,,0,1,,0,1,1,NV DMV AVT Permit,1,0,1,0,"Zoox, Inc",0,0,0,1,1,0,0,,2023,5,0,2023,5,10:52,0,1ddcd8547f32de0,Paradise,0,NV ,0,0,0,1,0,0,1,0,0,0,1,0,0,0,45.0,0,0,0,0,1,0,0,1,0,0,0,0,0,0,0,,Passenger Car,1,0,0,0,0,1,Proceeding Straight,0,0,0,0,0,0,0,1,0,0,0,0,0,Stopped,0,0,1,0.0,0,0,0,0,1,0,0,0,0,0,0,0,0,0,1,0,1,0,0,No,, ,No,, ,, ,, ,Yes, ,"A Zoox vehicle in autonomy was stopped in a merge lane, yielding and waiting for cross traffic, when it was rear ended at low speed by a vehicle behind.  A Zoox operator reported ""slight shoulder pain."" Police were not called.",
30270-5650,2,Waymo LLC,0,0,1,0,0,,,2023,6,SADHW2S17M1,0,Jaguar,I-PACE,2021.0,365203c6f0f00aa,85743.0,0,0,1,0,0,5th Generation,0,0,5th Generation,0,0,Version 8,0,0,Transdev Alternative Services,0,0,,0,1,1,ADOT,1,0,1,0,Waymo LLC,0,1,0,0,0,0,0,,2023,6,0,2023,6,13:17,0,6362e91ed386c55,Phoenix,0,AZ ,1,0,0,0,0,0,1,0,0,0,0,0,1,0,65.0,0,0,0,0,1,0,0,1,0,0,0,0,0,0,0,,Passenger Car,0,1,0,0,0,1,Proceeding Straight,0,0,0,0,1,0,0,1,0,0,1,0,0,Proceeding Straight,0,1,1,13.0,0,1,0,0,1,0,0,1,0,0,0,0,0,0,1,0,1,1,0,No,, ,Yes,, ,, ,, ,Yes, ,"After submitting the previous 1-Day report on [XXX], 2023 [REDACTED, MAY CONTAIN CONFIDENTIAL BUSINESS INFORMATION], Waymo received notice that the test driver was not transported from the scene to the hospital for medical treatment, but did seek medical treatment at a hospital at a later time. As such, this event could have qualified for a 5-Day report. The narrative below has been updated to reflect this information. This updated report also now lists the Highest Injury Severity Alleged as moderate, and Transdev Alternative Services as an entity that may be aware of this incident.
On [XXX], 2023 at 1:17 PM PT a Waymo Autonomous Vehicle (Waymo AV) operating in Phoenix, AZ was in a collision involving a passenger car on [XXX] in the southbound direction near the [XXX].
The Waymo AV was traveling in the rightmost lane (out of 5 lanes) in the southbound direction of [XXX],  and the left 3 lanes were closed due to a work zone. The vehicle traveling ahead in the same lane as the ADV made an abrupt lane change to the left, revealing a stack of slow-moving vehicles in the Waymo AVs lane. The test driver of the Waymo AV took manual control of the vehicle and started to decelerate and steer toward the right shoulder in response to slow traffic ahead. A passenger vehicle approached the Waymo AV from behind and made contact with the rear of the Waymo AV. At the time of the impact, the Waymo AVs Level 4 ADS was not engaged and a test driver (in the drivers seating position) was operating the Waymo AV in manual mode. The Waymo AV and the other vehicle sustained damage. The test driver reported an injury, for which they later sought medical treatment. 
Waymo reported this crash under Request No. 1 of Standing General Order 2021-01. Waymo may supplement or correct its reporting with additional information as it may become available.",
540-5667,1,"General Motors, LLC",0,1,0,0,0,,,2023,6,5G21A6P01L4,0,Cruise,AV,2020.0,4306ea5c865ff73,52008.0,0,0,0,1,0,,1,0,,1,0,,1,0,Cruise LLC,0,0,,0,1,1,AZ,1,0,1,0,Cruise LLC,0,1,0,1,0,0,0,,2023,6,0,2023,6,04:31,0,6487347c1ac4a6b,Chandler,0,AZ ,0,1,0,0,0,0,1,0,0,0,1,0,0,0,45.0,0,1,0,0,0,0,0,1,0,0,0,0,0,0,0,,Heavy Truck,0,0,1,0,0,1,Backing,0,0,0,0,0,0,0,0,1,0,0,0,0,Proceeding Straight,0,1,0,14.0,0,0,0,0,0,0,0,0,0,1,0,0,1,0,1,0,1,1,0,Yes,Chandler Police Department, ,Yes,[MAY CONTAIN PERSONALLY IDENTIFIABLE INFORMATION], ,,Y,[MAY CONTAIN PERSONALLY IDENTIFIABLE INFORMATION], ,"Unknown, see Narrative", ,"On June 6, 2023, GM Cruise Holdings LLC (""Cruise"") filed an Incident Report (the ""Report"") under the Second Amended Standing General Order 2021-01, dated April 5, 2023 (the Order). General Motors LLC (GM) manufactured the Cruise-operated motor vehicle involved in the incident summarized in the Incident Report. Because GM is also a Reporting Entity under the Order, GM is submitting a duplicate of the redacted public copy of the Report. GM has selected ""Unknown"" in the ""ADS version"" and ""ODD time"" fields solely to avoid a second submission of nonpublic Cruise CBI GM is in possession of Cruise's responses to these fields, and incorporates Cruise's responses into this submission by reference. GM's submission is based on facts supplied to GM by Cruise. GM has not investigated the alleged incident and currently believes, based on a reasonable inquiry, that it has no independent knowledge of the facts in the Report. (Reference file: 30412-5661-1)",
30531-5669,1,Transdev Alternative Services,0,1,0,0,0,,,2023,6,SADHW2S17M1,0,Jaguar,I-PACE,2021.0,365203c6f0f00aa,85743.0,0,0,1,0,0,5th Generation,0,0,5th Generation,0,0,Version 8,0,0,,0,1,,0,1,1,ADOT,1,0,1,0,Waymo LLC,0,1,0,0,0,0,0,,2023,6,0,2023,6,13:17,0,6362e91ed386c55,Phoenix,0,AZ ,1,0,0,0,0,0,1,0,0,0,0,0,1,0,65.0,0,0,0,0,1,0,0,1,0,0,0,0,0,0,0,,Passenger Car,0,0,0,0,1,1,Proceeding Straight,0,0,0,0,1,0,0,1,0,0,1,0,0,Proceeding Straight,0,1,1,13.0,0,1,0,0,1,0,0,1,0,0,0,0,0,0,1,0,1,1,0,No,, ,Yes,, ,, ,, ,Yes, ,"On [XXX], 2023 at 1:17 PM PT a Waymo Autonomous Vehicle (""Waymo AV"") operating in Phoenix, AZ was in a collision involving a passenger car on [XXX] in the southbound direction near the [XXX].
The Waymo AV was traveling in the rightmost lane (out of 5 lanes) in the southbound direction of [XXX], and the left 3 lanes were closed due to a work zone.  The vehicle traveling ahead in the same lane as the ADV made an abrupt lane change to the left, revealing a stack of slow-moving vehicles in the Waymo's lane.  The test driver of the Waymo AV took manual control of the vehicle and started to decelerate and steer toward the right shoulder in response to slow traffic ahead.  A passenger vehicle approached the Waymo AV from behind and made contact with the rear of the Waymo AV.  At the time of the impact, the Waymo's Level 4 ADS was not engaged and a test driver (in the driver's seating position) was operating the Waymo AV in manual mode.  The Waymo AV and the other vehicle sustained damage.
Transdev Alternative Services is reporting this collision under the 5-day reporting guidelines because a vehicle was towed but nobody was transported to the hospital from the scene of the collision and there was no Vulnerable Road User involved.  Transdev may supplement or correct its reporting with additional information as it may become available.  This is a duplicate of collision report ID: 30270-5650-1.",