Report ID,Report Version,Reporting Entity,Report_Type_1 Day Update,Report_Type_5 Day Update,Report_Type_10 Day Update,Report_Type_Monthly Report,"Report_Type_Updated, but no time indicated",Report Month,Report Year,Submission Year,Submission Month,VIN,VIN - Unknown,Make,Model,Model Year,Same Vehicle ID,Mileage,Mileage - Unknown,Driver / Operator Type_Consumer,Driver / Operator Type_In-Vehicle,Driver / Operator Type_Remote,Driver / Operator Type_None or Other,ADAS/ADS System Version,ADAS/ADS System Version - Unk,ADAS/ADS System Version CBI,ADAS/ADS Hardware Version,ADAS/ADS Hardware Version - Unk,ADAS/ADS Hardware Version CBI,ADAS/ADS Software Version,ADAS/ADS Software Version - Unk,ADAS/ADS Software Version CBI,Other Reporting Entities?,Other Reporting Entities? - Unk,Other Reporting Entities? - NA,Federal Regulatory Exemption?,Federal Reg. Exemption - Unk,Federal Reg. Exemption - No,State or Local Permit?,State or Local Permit,ADS Equipped?,Automation System Engaged_ADAS,Automation System Engaged_ADS,"Automation System Engaged_Unknown, see Narrative",Operating Entity,Source - Complaint/Claim,Source - Telematics,Source - Law Enforcement,Source - Field Report,Source - Testing,Source - Media,Source - Other,Source - Other Text,Incident Year,Incident Month,Incident Date - Unknown,Notice Received Year,Notice Received Month,Incident Time (24:00),Incident Time - Unknown,Same Incident ID,City,City - Unknown,State,Roadway Type_Highway / Freeway,Roadway Type_Intersection,Roadway Type_Parking Lot,Roadway Type_Street,Roadway Type_Traffic Circle,Roadway Type_Unknown,Roadway Surface_Dry,Roadway Surface_Snow / Slush / Ice,Roadway Surface_Unknown,Roadway Surface_Wet,Roadway Description_No Unusual Conditions,Roadway Description_Traffic Incident,Roadway Description_Work Zone,"Roadway Description_Other, Unknown or Missing",Posted Speed Limit (MPH),Posted Speed Limit - Unknown,Lighting_Dark - Lighted,Lighting_Dark - Not Lighted,Lighting_Dawn / Dusk,Lighting_Daylight,Lighting_Other or Unknown,Lighting_Dark - Unknown Lighting,Weather - Clear,Weather - Snow,Weather - Cloudy,Weather - Fog/Smoke,Weather - Rain,Weather - Severe Wind,Weather - Unknown,Weather - Other,Weather - Other Text,Crash With,Highest Injury Severity Alleged_Minor,Highest Injury Severity Alleged_Moderate,Highest Injury Severity Alleged_No Injuries Reported,Highest Injury Severity Alleged_Serious,Highest Injury Severity Alleged_Unknown,Property Damage?,CP Pre-Crash Movement,CP Any Air Bags Deployed?,CP Was Vehicle Towed?,CP Contact Area - Rear Left,CP Contact Area - Left,CP Contact Area - Front Left,CP Contact Area - Rear,CP Contact Area - Top,CP Contact Area - Front,CP Contact Area - Rear Right,CP Contact Area - Right,CP Contact Area - Front Right,CP Contact Area - Bottom,CP Contact Area - Unknown,SV Pre-Crash Movement,SV Any Air Bags Deployed?,SV Was Vehicle Towed?,SV Were All Passengers Belted?,SV Precrash Speed (MPH),SV Pre-crash Speed - Unknown,SV Contact Area - Rear Left,SV Contact Area - Left,SV Contact Area - Front Left,SV Contact Area - Rear,SV Contact Area - Top,SV Contact Area - Front,SV Contact Area - Rear Right,SV Contact Area - Right,SV Contact Area - Front Right,SV Contact Area - Bottom,SV Contact Area - Unknown,Data Availability - EDR,Data Availability - Police Rpt,Data Availability - Telematics,Data Availability - Complaints,Data Availability - Video,Data Availability - Other,Data Availability - Unknown,Law Enforcement Investigating?,Investigating Agency,Investigating Agency - Unknown,Rep Ent Or Mfr Investigating?,Investigating Officer Name,Inv. Officer Name - Unknown,Investigating Officer Phone,Inv. Officer Phone - Unknown,Investigating Officer Email,Inv. Officer Email - Unknown,Within ODD?,Within ODD? - CBI,Narrative,Narrative - CBI?
30412-5661,1,Cruise LLC,0,1,0,0,0,,,2023,6,5G21A6P01L4,0,Cruise,AV,2020.0,4306ea5c865ff73,52008.0,0,0,0,1,0,"[REDACTED, MAY CONTAIN CONFIDENTIAL BUSINESS INFORMATION]",0,1,"[REDACTED, MAY CONTAIN CONFIDENTIAL BUSINESS INFORMATION]",0,1,"[REDACTED, MAY CONTAIN CONFIDENTIAL BUSINESS INFORMATION]",0,1,"General Motors, LLC",0,0,,0,1,1,AZ,1,0,1,0,Cruise LLC,0,1,0,1,0,0,0,,2023,6,0,2023,6,04:31,0,6487347c1ac4a6b,Chandler,0,AZ ,0,1,0,0,0,0,1,0,0,0,1,0,0,0,45.0,0,1,0,0,0,0,0,1,0,0,0,0,0,0,0,,Heavy Truck,0,0,1,0,0,1,Backing,0,0,0,0,0,0,0,0,1,0,0,0,0,Proceeding Straight,0,1,0,14.0,0,0,0,0,0,0,0,0,0,1,0,0,1,0,1,0,1,1,0,Yes,Chandler Police Department, ,Yes,[MAY CONTAIN PERSONALLY IDENTIFIABLE INFORMATION], ,,Y,[MAY CONTAIN PERSONALLY IDENTIFIABLE INFORMATION], ,"[REDACTED, MAY CONTAIN CONFIDENTIAL BUSINESS INFORMATION]",Y,"A Cruise autonomous vehicle (""Cruise AV""), operating in driverless autonomous mode, was at a complete stop in response to a red light on northbound [XXX] at the intersection with [XXX]. As the Cruise AV was proceeding through the intersection after the light turned green, a flatbed construction truck reversed into the intersection perpendicularly from westbound [XXX] against a red light in its direction of travel. Shortly thereafter, the Cruise AV made contact with the flatbed construction truck, damaging the front passenger side quarter panel and front passenger side hood of the Cruise AV. The parties exchanged information and police were called to the scene. There were no reported injuries and the Cruise AV was towed from the scene. [REDACTED, MAY CONTAIN CONFIDENTIAL BUSINESS INFORMATION]",Y
30413-5633,1,May Mobility,0,1,0,0,0,,,2023,5,5TDYRKEC5MS,0,Toyota,Sienna,2021.0,3bc0e9a23a18e40,13761.0,0,0,1,0,0,4,0,0,4,0,0,4,0,0,,0,1,,0,1,0,,1,0,1,0,May Mobility,0,0,0,1,0,0,0,,2023,5,0,2023,5,16:40,0,aaac9035f83c66f,Grand Rapids,0,MN ,0,1,0,0,0,0,1,0,0,0,1,0,0,0,30.0,0,0,0,0,1,0,0,1,0,0,0,0,0,0,0,,Non-Motorist: Other,0,0,1,0,0,0,Crossing into Opposing Lane,0,0,0,0,0,0,0,0,0,0,0,0,0,Stopped,0,0,1,0.0,0,1,0,0,0,0,0,0,0,0,0,0,0,0,0,0,1,0,0,No,, ,Yes,, ,, ,, ,Yes, ,"On Tuesday May [XXX] at 16:40 local time, the May shuttle was driving Northbound from [XXX] to [XXX] in Grand Rapids, MN, in autonomous mode and was followed by 2 people riding on scooters. As the May shuttle made the turn, the VRUs were traveling in the same direction as the May shuttle on opposite sides of the lane. As the May shuttle completed the turn at 10 MPH, the brakes were applied and the vehicle came to a complete stop because one of the riders attempted to cross over in the lane which caused VRU safety buffer to intersect with vehicle path, which led the vehicle to slow to a stop. The scooter rider contacted the rear left rear bumper of the shuttle. Scooters were traveling at an estimated speed of 12 mph and accelerating.",
30270-5611,1,Waymo LLC,0,1,0,0,0,,,2023,5,SADHW2S18M1,0,Jaguar,I-Pace,2021.0,3fa13431ff0349d,78122.0,0,0,0,0,1,5th Generation,0,0,5th Generation,0,0,Version 8,0,0,,0,1,,0,1,1,ADOT,1,0,1,0,Waymo LLC,0,0,0,0,0,0,1,Passenger at pick-up point,2023,5,0,2023,5,17:54,0,374f676fee2c3db,Phoenix,0,AZ ,0,0,1,0,0,0,1,0,0,0,0,0,0,1,15.0,0,0,0,0,1,0,0,1,0,0,0,0,0,0,0,,"Other, see Narrative",0,0,1,0,0,1,"Other, see Narrative",0,0,0,0,0,0,0,0,0,0,0,0,1,Proceeding Straight,0,1,0,10.0,0,0,0,0,0,0,0,0,0,0,1,0,0,0,1,0,1,1,0,No,, ,Yes,, ,, ,, ,Yes, ,"On May [XXX], 2023 at 5:54 PM PT a Waymo Autonomous Vehicle (Waymo AV) operating in Phoenix, Arizona made contact with an asphalt speed bump in a parking lot at [XXX].
The Waymo AV entered the parking lot and the Waymo AVs undercarriage then made contact with a speed bump (the AV did not contact any vehicle or other road user). At the time of the contact, the Waymo AVs Level 4 ADS was engaged in autonomous mode. The Waymo AV sustained undercarriage damage.
Waymo is reporting this crash under Request No. 1 of the Second Amended Standing General Order 2021-01 because a vehicle involved was towed away. Waymo may supplement or correct its reporting with additional information as it may become available.",
30270-5612,1,Waymo LLC,0,1,0,0,0,,,2023,5,SADHW2S15M1,0,Jaguar,I-Pace,2021.0,900c3ace8a371fa,43564.0,0,0,0,0,1,5th Generation,0,0,5th Generation,0,0,Version 8,0,0,,0,1,,0,1,1,ADOT,1,0,1,0,Waymo LLC,0,0,0,0,0,0,1,Waymo vendor,2023,5,0,2023,5,17:34,0,affa9f367578445,Phoenix,0,AZ ,0,0,1,0,0,0,1,0,0,0,0,0,0,1,15.0,0,0,0,0,1,0,0,1,0,0,0,0,0,0,0,,"Other, see Narrative",0,0,1,0,0,1,"Other, see Narrative",0,0,0,0,0,0,0,0,0,0,0,0,1,Proceeding Straight,0,1,1,8.0,0,0,0,0,0,0,0,0,0,0,1,0,0,0,1,0,1,1,0,No,, ,Yes,, ,, ,, ,Yes, ,"On May [XXX], 2023 at 5:34 PM PT a Waymo Autonomous Vehicle (Waymo AV) operating in Phoenix, Arizona made contact with an asphalt speed bump in a parking lot at [XXX].
The Waymo AV entered the parking lot and the Waymo AVs undercarriage then made contact with a speed bump (the AV did not contact any vehicle or other road user). At the time of the contact, the Waymo AVs Level 4 ADS was engaged in autonomous mode. The Waymo AV sustained undercarriage damage.
Waymo is reporting this crash under Request No. 1 of the Second Amended Standing General Order 2021-01 because a vehicle involved was towed away. Waymo may supplement or correct its reporting with additional information as it may become available.",
540-5492,1,"General Motors, LLC",0,0,0,1,0,4.0,2023.0,2023,5,5G21A6P03L4,0,Cruise,AV,2020.0,32757d7928fd658,55445.0,0,0,1,1,0,,1,0,,1,0,,1,0,Cruise LLC,0,0,,0,1,0,,1,0,1,0,Cruise LLC,0,1,0,1,1,0,0,,2023,4,0,2023,5,14:58,0,010fdfbd6af2798,Mesa,0,AZ ,0,0,0,1,0,0,1,0,0,0,1,0,0,0,45.0,0,0,0,0,1,0,0,1,0,0,0,0,0,0,0,,"Other, see Narrative",0,0,1,0,0,1,"Other, see Narrative",0,0,0,0,0,0,0,0,0,0,0,0,1,Proceeding Straight,0,0,1,34.0,0,0,0,0,0,0,0,0,0,0,1,0,1,0,1,0,1,1,0,No,, ,Yes,, ,, ,, ,"Unknown, see Narrative", ,"On May 12, 2023, GM Cruise Holdings LLC (""Cruise"") filed an Incident Report (the ""Report"") under the Standing General Order 2021-01 dated June 29, 2021 (the ""Order""). General Motors LLC (GM) manufactured the Cruise-operated motor vehicle involved in the incident summarized in the Incident Report. Because GM is also a Reporting Entity under the Order, GM is submitting a duplicate of the redacted public copy of the Report. GM has selected ""Unknown"" in the ""ADS version"" and ""ODD time"" fields solely to avoid a second submission of nonpublic Cruise CBI GM is in possession of Cruise's responses to these fields, and incorporates Cruise's responses into this submission by reference. GM's submission is based on facts supplied to GM by Cruise. GM has not investigated the alleged incident and currently believes, based on a reasonable inquiry, that it has no independent knowledge of the facts in the Report. (Reference file: 30412-5462-1)",
30270-5591,1,Waymo LLC,0,0,0,1,0,4.0,2023.0,2023,5,SADHW2S10M1,0,Jaguar,I-PACE,2021.0,751464043310771,48606.0,0,0,0,0,1,5th Generation ADS,0,0,5th Generation,0,0,Version 7,0,0,,0,1,,0,1,1,ADOT,1,0,1,0,Waymo LLC,0,1,0,0,0,0,0,,2023,4,0,2023,4,8:02,0,182efd0e7948c2d,Phoenix,0,AZ ,0,1,0,0,0,0,1,0,0,0,1,0,0,0,35.0,0,0,0,0,1,0,0,1,0,0,0,0,0,0,0,,Van,0,0,1,0,0,1,Proceeding Straight,0,0,0,0,1,0,0,1,0,0,0,0,0,Proceeding Straight,0,0,1,1.0,0,0,0,0,1,0,0,0,0,0,0,0,0,0,1,0,1,1,0,Unknown,,Y,Yes,,Y,,Y,,Y,Yes, ,"On April [XXX], 2023 at 8:02 AM PT a Waymo Autonomous Vehicle (Waymo AV) operating in Phoenix, Arizona was in a collision involving a van on [XXX] at [XXX]. 
The Waymo AV was traveling northbound on [XXX] in the leftmost lane as it was approaching the intersection with [XXX]. The signal for traffic proceeding north on [XXX] was yellow as the Waymo AV approached the intersection. The Waymo AV slowed, preparing to stop, and a van traveling directly behind the Waymo AV then made contact with the rear of the Waymo AV. At the time of the impact, the Waymo AVs Level 4 ADS was engaged in autonomous mode. Both the Waymo AV and the van sustained damage.  
Waymo is reporting this crash under Request No. 2 of Standing General Order 2021-01. Waymo may supplement or correct its reporting with additional information as it may become available.",
30270-5588,1,Waymo LLC,0,0,0,1,0,4.0,2023.0,2023,5,2C4RC1K7XHR,0,Chrysler,Pacifica,2017.0,4173e3f94e6d2cd,24311.0,0,0,0,0,1,4th Generation ADS,0,0,4th Generation,0,0,Version 5,0,0,,0,1,,0,1,1,ADOT,1,0,1,0,Waymo LLC,0,1,0,0,0,0,0,,2023,4,0,2023,4,15:43,0,9d6541528d1b103,Tempe,0,AZ ,0,1,0,0,0,0,1,0,0,0,1,0,0,0,45.0,0,0,0,0,1,0,0,1,0,0,0,0,0,0,0,,Passenger Car,0,0,1,0,0,1,Entering Traffic,0,0,0,0,1,0,0,1,0,0,0,0,0,Proceeding Straight,0,0,1,5.0,0,0,0,0,0,0,0,0,0,1,0,0,0,0,1,0,1,1,0,Unknown,,Y,Yes,,Y,,Y,,Y,Yes, ,"On April [XXX], 2023 at 3:43 PM PT a Waymo Autonomous Vehicle (Waymo AV) operating in Tempe, Arizona was in a collision involving a passenger car on [XXX] at [XXX]. 
The Waymo AV was traveling southbound on [XXX] in the rightmost lane as it was approaching the intersection with [XXX]. After the Waymo AV entered the right-turn lane, a passenger car began to exit from the shopping center driveway to the right of the Waymo AV. The Waymo AV began to brake as the passenger car began to turn in front of the AV onto [XXX]. The passenger car's front bumper made contact with the front right corner of the Waymo AV. At the time of the impact, the Waymo AVs Level 4 ADS was engaged in autonomous mode. The Waymo AV did not sustain damage the passenger car sustained damage. 
Waymo is reporting this crash under Request No. 2 of Standing General Order 2021-01. Waymo may supplement or correct its reporting with additional information as it may become available.",
669-5206,3,Hyundai Motor America,0,0,0,0,1,,,2023,5,5NMS5DAL7PH,0,Hyundai,Santa Fe,2023.0,d57542136543b5c,,1,0,1,0,0,Highway Drive Assist (L2),0,0,,1,0,,1,0,,0,1,,0,1,0,,1,1,0,0,Hyundai Motor America,0,0,0,1,0,0,0,,2023,4,0,2023,4,15:45,0,42bfe841ab28024,Gahanna,0,OH ,1,0,0,0,0,0,1,0,0,0,1,0,0,0,65.0,0,0,0,0,1,0,0,1,0,0,0,0,0,0,0,,SUV,0,0,1,0,0,1,Changing Lanes,0,0,0,1,0,0,0,0,0,0,0,0,0,Proceeding Straight,0,1,1,70.0,0,0,0,0,0,0,0,0,1,0,0,0,0,1,0,0,0,0,0,Yes,Gahanna Police Department, ,Yes,[MAY CONTAIN PERSONALLY IDENTIFIABLE INFORMATION], ,,Y,,Y,"Unknown, see Narrative", ,"A company associate was operating the subject Santa Fe vehicle heading north on the [XXX] with the Highway Drive Assist (""HDA"") feature engaged. A Nissan vehicle merged into the subject vehicle's lane and made contact with the driver's side of the Santa Fe resulting in a crash.  The Hyundai vehicle was immobilized requiring towing assistance.  No airbags allegedly deployed during the crash.  A police report was filed with Gahanna Police Department and the report number is 23GAH.8195.AC.  NASO is in process of retrieving the police report.
10-Day Update to 669-5206-1: No new information received.
Monthly Update to 669-5206-2: According to the police report, the Santa Fe was travelling in the left lane of the road when the Nissan vehicle attempted a lane change directly into their lane of travel making contact with the Santa Fe's right side. The police report also indicated that no autonomous driving function was engaged in the Santa Fe vehicle at the time of the incident. The operator of the Nissan vehicle was cited for an unspecified charge.",
30412-5462,1,Cruise LLC,0,0,0,1,0,4.0,2023.0,2023,5,5G21A6P03L4,0,Cruise,AV,2020.0,32757d7928fd658,55445.0,0,0,1,1,0,"[REDACTED, MAY CONTAIN CONFIDENTIAL BUSINESS INFORMATION]",0,1,,0,0,,0,0,,0,0,,0,0,0,,1,0,1,0,Cruise LLC,0,1,0,1,1,0,0,,2023,4,0,2023,4,14:58,0,010fdfbd6af2798,Mesa,0,AZ ,0,0,0,1,0,0,1,0,0,0,1,0,0,0,45.0,0,0,0,0,1,0,0,1,0,0,0,0,0,0,0,,"Other, see Narrative",0,0,1,0,0,1,"Other, see Narrative",0,0,0,0,0,0,0,0,0,0,0,0,1,Proceeding Straight,0,0,1,34.0,0,0,0,0,0,0,0,0,0,0,1,0,1,0,1,0,1,1,0,No,, ,Yes,, ,, ,, ,"[REDACTED, MAY CONTAIN CONFIDENTIAL BUSINESS INFORMATION]",Y,"A Cruise autonomous vehicle (""Cruise AV""), operating in supervised autonomous mode, was traveling northbound on [XXX] between [XXX] and [XXX]. Shortly after crossing the intersection with [XXX], the Cruise AV ran over a hydraulic press bracket that was in the middle of the road. This caused damage to the Cruise AV's underside deflector. The parties exchanged information and there were no reported injuries. [REDACTED, MAY CONTAIN CONFIDENTIAL BUSINESS INFORMATION]",Y
30413-5396,1,May Mobility,0,0,0,1,0,4.0,2023.0,2023,4,2T2JGMDA0LC,0,Lexus,RX450h,2020.0,cb6e38b363be262,28420.0,0,0,1,0,0,4,0,0,,0,0,,0,0,,0,0,,0,0,0,,1,0,1,0,May Mobility,0,0,0,1,0,0,0,,2023,4,0,2023,4,16:16,0,1d245f18d9df615,Ann Arbor,0,MI ,0,0,0,1,0,0,1,0,0,0,1,0,0,0,25.0,0,0,0,0,1,0,0,1,0,0,0,0,0,0,0,,Passenger Car,0,0,1,0,0,0,Proceeding Straight,0,1,0,0,1,0,0,1,0,0,1,0,0,"Other, see Narrative",0,0,1,18.0,0,1,0,0,1,0,0,1,0,0,0,0,0,1,0,0,0,0,0,No,, ,Yes,, ,, ,, ,Yes, ,"On Friday April [XXX] at 16:16 local time, the May shuttle was driving Westbound on [XXX] in Ann Arbor, MI in autonomous mode and was followed by another vehicle. The following vehicle was traveling approximately twice as fast as the May shuttle and catching up to the May shuttle from behind. The May shuttle began to slow for traffic ahead, which was stopping for a red light, but the following vehicle did not decelerate. While slowing, the May shuttle identified a bollard on the side of the road as a likely pedestrian and added a safety buffer which intersected with the predicted trajectory of the shuttle. This caused the shuttle to increase deceleration to avoid the projected collision with the buffer. The following vehicle started braking late and impacted the May shuttle from behind with a relative velocity of 6.2 m/s. Re-simulation of this event with a future software version shows that the May shuttle would have decelerated less abruptly.",
540-5296,2,"General Motors, LLC",0,0,1,0,0,,,2023,4,5G21A6P03N4,0,Cruise,AV,2022.0,8aae92901672e74,4743.0,0,0,0,1,0,,1,0,,0,0,,0,0,,0,0,,0,0,0,,1,0,1,0,Cruise LLC,0,1,0,1,0,0,0,,2023,4,0,2023,4,03:15,0,157c3bf1bb69649,Austin,0,TX ,0,0,0,1,0,0,1,0,0,0,1,0,0,0,25.0,0,1,0,0,0,0,0,1,0,0,0,0,0,0,0,,Passenger Car,0,0,1,0,0,1,Proceeding Straight,0,0,0,0,0,0,0,0,0,1,1,0,0,Stopped,0,1,0,0.0,0,0,1,0,0,0,0,0,0,0,0,0,1,0,1,0,1,1,0,No,, ,Yes,, ,, ,, ,"Unknown, see Narrative", ,"On April 24, 2023, GM Cruise Holdings LLC (""Cruise"") filed a 10-day updated Incident Report (the ""Report"") under the Standing General Order 2021-01 dated June 29, 2021 (the ""Order""). General Motors LLC (GM) manufactured the Cruise-operated motor vehicle involved in the incident summarized in the Incident Report. Because GM is also a Reporting Entity under the Order, GM is submitting a duplicate of the redacted public copy of the Report. GM has selected ""Unknown"" in the ""ADS version"" and ""ODD time"" fields solely to avoid a second submission of nonpublic Cruise CBI GM is in possession of Cruise's responses to these fields, and incorporates Cruise's responses into this submission by reference. GM's submission is based on facts supplied to GM by Cruise. GM has not investigated the alleged incident and currently believes, based on a reasonable inquiry, that it has no independent knowledge of the facts in the Report. (Reference file:30412-5287-2)",
540-5297,2,"General Motors, LLC",0,0,1,0,0,,,2023,4,5G21A6P09P4,0,Cruise,AV,2023.0,66456c29dc6d465,4131.0,0,0,0,1,0,,1,0,,0,0,,0,0,,0,0,,0,0,0,,1,0,1,0,Cruise LLC,0,1,0,1,0,0,0,,2023,4,0,2023,4,03:15,0,f33492b4c98bb33,Austin,0,TX ,0,0,0,1,0,0,1,0,0,0,1,0,0,0,25.0,0,1,0,0,0,0,0,1,0,0,0,0,0,0,0,,Passenger Car,0,0,1,0,0,1,Stopped,0,1,0,1,0,0,0,0,0,0,0,0,0,Proceeding Straight,0,0,0,9.0,0,0,0,0,0,0,0,0,1,1,0,0,1,0,1,0,1,1,0,No,, ,Yes,, ,, ,, ,"Unknown, see Narrative", ,"On April 24, 2023, GM Cruise Holdings LLC (""Cruise"") filed a 10-day updated Incident Report (the ""Report"") under the Standing General Order 2021-01 dated June 29, 2021 (the ""Order""). General Motors LLC (GM) manufactured the Cruise-operated motor vehicle involved in the incident summarized in the Incident Report. Because GM is also a Reporting Entity under the Order, GM is submitting a duplicate of the redacted public copy of the Report. GM has selected ""Unknown"" in the ""ADS version"" and ""ODD time"" fields solely to avoid a second submission of nonpublic Cruise CBI GM is in possession of Cruise's responses to these fields, and incorporates Cruise's responses into this submission by reference. GM's submission is based on facts supplied to GM by Cruise. GM has not investigated the alleged incident and currently believes, based on a reasonable inquiry, that it has no independent knowledge of the facts in the Report. (Reference file:30412-5288-2)",
30412-5288,2,Cruise LLC,0,0,1,0,0,,,2023,4,5G21A6P09P4,0,Cruise,AV,2023.0,66456c29dc6d465,4131.0,0,0,0,1,0,"[REDACTED, MAY CONTAIN CONFIDENTIAL BUSINESS INFORMATION]",0,1,,0,0,,0,0,,0,0,,0,0,0,,1,0,1,0,Cruise LLC,0,1,0,1,0,0,0,,2023,4,0,2023,4,03:15,0,f33492b4c98bb33,Austin,0,TX ,0,0,0,1,0,0,1,0,0,0,1,0,0,0,25.0,0,1,0,0,0,0,0,1,0,0,0,0,0,0,0,,Passenger Car,0,0,1,0,0,1,Stopped,0,1,0,1,0,0,0,0,0,0,0,0,0,Proceeding Straight,0,0,0,9.0,0,0,0,0,0,0,0,0,1,1,0,0,1,0,1,0,1,1,0,No,, ,Yes,, ,, ,, ,"[REDACTED, MAY CONTAIN CONFIDENTIAL BUSINESS INFORMATION]",Y,"There are no updates related to this incident since the original submission on April 16, 2023. Cruise autonomous vehicle (""Cruise AV 1""), operating in driverless autonomous mode, was stopped for a passenger drop-off beside the right curb of [XXX] between [XXX] and [XXX]. One of the passengers of Cruise AV 1 opened the driver side rear passenger door into the lane of traffic as another Cruise AV (""Cruise AV 2""), operating in driverless autonomous mode, was passing by Cruise AV 1 in the lane of traffic on [XXX]. The door of the Cruise AV 1 made contact with Cruise AV 2 as Cruise AV 2 was passing. The contact caused damage to the left rear door of Cruise AV 1 and to the front passenger side mirror, front passenger side sensor, front passenger side fender, and front and rear passenger side door of Cruise AV 2. There were no reported injuries. Cruise AV 1 was towed from the scene.
Although this contact was a single incident, we are reporting the incident in two separate SGO reports because it involved two Cruise AVs. Cruise AV 1 is the ""subject vehicle"" of CruiseLLC-30412-5287-1 and CruiseLLC-30412-5287-2. Cruise AV 2 is the ""subject vehicle"" of CruiseLLC-30412-5288-1 and CruiseLLC-30412-5288-2. [REDACTED, MAY CONTAIN CONFIDENTIAL BUSINESS INFORMATION]",Y
30412-5287,2,Cruise LLC,0,0,1,0,0,,,2023,4,5G21A6P03N4,0,Cruise,AV,2022.0,8aae92901672e74,4743.0,0,0,0,1,0,"[REDACTED, MAY CONTAIN CONFIDENTIAL BUSINESS INFORMATION]",0,1,,0,0,,0,0,,0,0,,0,0,0,,1,0,1,0,Cruise LLC,0,1,0,1,0,0,0,,2023,4,0,2023,4,03:15,0,157c3bf1bb69649,Austin,0,TX ,0,0,0,1,0,0,1,0,0,0,1,0,0,0,25.0,0,1,0,0,0,0,0,1,0,0,0,0,0,0,0,,Passenger Car,0,0,1,0,0,1,Proceeding Straight,0,0,0,0,0,0,0,0,0,1,1,0,0,Stopped,0,1,0,0.0,0,0,1,0,0,0,0,0,0,0,0,0,1,0,1,0,1,1,0,No,, ,Yes,, ,, ,, ,"[REDACTED, MAY CONTAIN CONFIDENTIAL BUSINESS INFORMATION]",Y,"There are no updates related to this incident since the original submission on April 16, 2023. A Cruise autonomous vehicle (""Cruise AV 1""), operating in driverless autonomous mode, was stopped for a passenger drop-off beside the right curb of [XXX] between [XXX] and [XXX]. One of the passengers of Cruise AV 1 opened the driver side rear passenger door into the lane of traffic as another Cruise AV (""Cruise AV 2""), operating in driverless autonomous mode, was passing by Cruise AV 1 in the lane of traffic on [XXX]. The door of the Cruise AV 1 made contact with Cruise AV 2 as Cruise AV 2 was passing. The contact caused damage to the left rear door of Cruise AV 1 and to the front passenger side mirror, front passenger side sensor, front passenger side fender, and front and rear passenger side door of Cruise AV 2. There were no reported injuries. Cruise AV 1 was towed from the scene.
Although this contact was a single incident, we are reporting the incident in two separate SGO reports because it involved two Cruise AVs. Cruise AV 1 is the ""subject vehicle"" of CruiseLLC-30412-5287-1 and CruiseLLC-30412-5287-2. Cruise AV 2 is the ""subject vehicle"" of CruiseLLC-30412-5288-1 and CruiseLLC-30412-5288-2. [REDACTED, MAY CONTAIN CONFIDENTIAL BUSINESS INFORMATION]",Y
30531-5336,1,Transdev Alternative Services,0,0,0,1,0,3.0,2023.0,2023,4,SADHW2S10M1,0,Jaguar,I-Pace,2021.0,4d3dc5f194fb109,61708.0,0,0,1,0,0,5th Generation ADS,0,0,,0,0,,0,0,,0,0,,0,0,0,,1,0,1,0,Waymo LLC,0,1,0,0,0,0,0,,2023,3,0,2023,3,13:35,0,91bc2053ec7b4b5,Tempe,0,AZ ,0,1,0,0,0,0,1,0,0,0,1,0,0,0,35.0,0,0,0,0,1,0,0,1,0,0,0,0,0,0,0,,Passenger Car,0,0,1,0,0,1,Making Right Turn,0,0,0,0,0,0,0,0,0,0,1,0,0,Making Right Turn,0,0,1,2.0,0,0,0,0,1,0,0,0,0,0,0,0,0,0,1,0,1,1,0,No,, ,Yes,, ,, ,, ,Yes, ,"On March [XXX], 2023 at 1:35 PM PST a Waymo Autonomous Vehicle (""Waymo AV"") operating in Tempe, Arizona was in a collision involving a passenger car on [XXX] and [XXX].
While attempting a right turn in autonomous mode from westbound [XXX] onto northbound [XXX], the Waymo AV was yielding to traffic approaching from the left. As the Waymo AV attempted to proceed, the test driver transitioned to manual mode and brought the Waymo AV to a stop. A passenger car behind the Waymo AV proceeded forward and made contact with the rear of the Waymo AV. At the time of the impact, the Waymo AV's Level 4 ADS was not engaged and a test driver was operating the Waymo AV in manual mode. The Waymo AV and the passenger vehicle sustained damage.
Transdev Alternative Services is reporting this crash under Request no. 2 of Standing General Order 2021-01.  Transdev may supplement or correct its reporting with additional information as it may become available.  This is a duplicate of 30270-5326-1.",