Report ID,Report Version,Reporting Entity,Report_Type_1 Day Update,Report_Type_5 Day Update,Report_Type_10 Day Update,Report_Type_Monthly Report,"Report_Type_Updated, but no time indicated",Report Month,Report Year,Submission Year,Submission Month,VIN,VIN - Unknown,Make,Model,Model Year,Same Vehicle ID,Mileage,Mileage - Unknown,Driver / Operator Type_Consumer,Driver / Operator Type_In-Vehicle,Driver / Operator Type_Remote,Driver / Operator Type_None or Other,ADAS/ADS System Version,ADAS/ADS System Version - Unk,ADAS/ADS System Version CBI,ADAS/ADS Hardware Version,ADAS/ADS Hardware Version - Unk,ADAS/ADS Hardware Version CBI,ADAS/ADS Software Version,ADAS/ADS Software Version - Unk,ADAS/ADS Software Version CBI,Other Reporting Entities?,Other Reporting Entities? - Unk,Other Reporting Entities? - NA,Federal Regulatory Exemption?,Federal Reg. Exemption - Unk,Federal Reg. Exemption - No,State or Local Permit?,State or Local Permit,ADS Equipped?,Automation System Engaged_ADAS,Automation System Engaged_ADS,"Automation System Engaged_Unknown, see Narrative",Operating Entity,Source - Complaint/Claim,Source - Telematics,Source - Law Enforcement,Source - Field Report,Source - Testing,Source - Media,Source - Other,Source - Other Text,Incident Year,Incident Month,Incident Date - Unknown,Notice Received Year,Notice Received Month,Incident Time (24:00),Incident Time - Unknown,Same Incident ID,City,City - Unknown,State,Roadway Type_Highway / Freeway,Roadway Type_Intersection,Roadway Type_Parking Lot,Roadway Type_Street,Roadway Type_Traffic Circle,Roadway Type_Unknown,Roadway Surface_Dry,Roadway Surface_Snow / Slush / Ice,Roadway Surface_Unknown,Roadway Surface_Wet,Roadway Description_No Unusual Conditions,Roadway Description_Traffic Incident,Roadway Description_Work Zone,"Roadway Description_Other, Unknown or Missing",Posted Speed Limit (MPH),Posted Speed Limit - Unknown,Lighting_Dark - Lighted,Lighting_Dark - Not Lighted,Lighting_Dawn / Dusk,Lighting_Daylight,Lighting_Other or Unknown,Lighting_Dark - Unknown Lighting,Weather - Clear,Weather - Snow,Weather - Cloudy,Weather - Fog/Smoke,Weather - Rain,Weather - Severe Wind,Weather - Unknown,Weather - Other,Weather - Other Text,Crash With,Highest Injury Severity Alleged_Minor,Highest Injury Severity Alleged_Moderate,Highest Injury Severity Alleged_No Injuries Reported,Highest Injury Severity Alleged_Serious,Highest Injury Severity Alleged_Unknown,Property Damage?,CP Pre-Crash Movement,CP Any Air Bags Deployed?,CP Was Vehicle Towed?,CP Contact Area - Rear Left,CP Contact Area - Left,CP Contact Area - Front Left,CP Contact Area - Rear,CP Contact Area - Top,CP Contact Area - Front,CP Contact Area - Rear Right,CP Contact Area - Right,CP Contact Area - Front Right,CP Contact Area - Bottom,CP Contact Area - Unknown,SV Pre-Crash Movement,SV Any Air Bags Deployed?,SV Was Vehicle Towed?,SV Were All Passengers Belted?,SV Precrash Speed (MPH),SV Pre-crash Speed - Unknown,SV Contact Area - Rear Left,SV Contact Area - Left,SV Contact Area - Front Left,SV Contact Area - Rear,SV Contact Area - Top,SV Contact Area - Front,SV Contact Area - Rear Right,SV Contact Area - Right,SV Contact Area - Front Right,SV Contact Area - Bottom,SV Contact Area - Unknown,Data Availability - EDR,Data Availability - Police Rpt,Data Availability - Telematics,Data Availability - Complaints,Data Availability - Video,Data Availability - Other,Data Availability - Unknown,Law Enforcement Investigating?,Investigating Agency,Investigating Agency - Unknown,Rep Ent Or Mfr Investigating?,Investigating Officer Name,Inv. Officer Name - Unknown,Investigating Officer Phone,Inv. Officer Phone - Unknown,Investigating Officer Email,Inv. Officer Email - Unknown,Within ODD?,Within ODD? - CBI,Narrative,Narrative - CBI?
30531-5331,1,Transdev Alternative Services,0,0,0,1,0,3.0,2023.0,2023,4,SADHW2S12M1,0,Jaguar,I-Pace,2021.0,11bc4fb24b37091,44094.0,0,0,1,0,0,5th Generation ADS,0,0,,0,0,,0,0,,0,0,,0,0,0,,1,0,1,0,Waymo LLC,0,1,0,0,0,0,0,,2023,3,0,2023,3,19:00,0,2d4a3a2b53be493,Tempe,0,AZ ,0,0,0,1,0,0,1,0,0,0,1,0,0,0,40.0,0,1,0,0,0,0,0,1,0,0,0,0,0,0,0,,Passenger Car,1,0,0,0,0,0,Proceeding Straight,0,0,0,0,1,0,0,1,0,0,1,0,0,Proceeding Straight,0,0,1,1.0,0,1,0,0,1,0,0,1,0,0,0,0,0,0,1,0,1,1,0,Yes,Tempe Police Department, ,Yes,[MAY CONTAIN PERSONALLY IDENTIFIABLE INFORMATION], ,[MAY CONTAIN PERSONALLY IDENTIFIABLE INFORMATION], ,[MAY CONTAIN PERSONALLY IDENTIFIABLE INFORMATION], ,Yes, ,"On March [XXX], 2023 at 7:00 PM PST a Waymo Autonomous Vehicle (""Waymo AV"") operating in Tempe, Arizona was in a collision involving a passenger vehicle on [XXX] near [XXX].
The Waymo AV was traveling southbound on [XXX] behind traffic that was backed up from the intersection with [XXX].  As the Waymo AV was accelerating from a stop, a passenger vehicle approached the Waymo AV from behind and made contact with the rear of the Waymo AV.  At the time of the impact, the Waymo AV's Level 4 ADS was engaged in autonomous mode, and. a test driver was present (in the driver's seating position).  The Waymo AV test driver reported having a minor injury and the passenger vehicle left the scene.
Transdev Alternative Services is reporting this crash under Request no. 2 of Standing General Order 2021-01.  Transdev may supplement or correct its reporting with additional information as it may become available.  This report is a duplicate of 30270-5324-1.",
30270-5324,1,Waymo LLC,0,0,0,1,0,3.0,2023.0,2023,4,SADHW2S12M1,0,Jaguar,I-Pace,2021.0,11bc4fb24b37091,44094.0,0,0,1,0,0,5th Generation ADS,0,0,,0,0,,0,0,,0,0,,0,0,0,,1,0,1,0,Waymo LLC,0,1,0,0,0,0,0,,2023,3,0,2023,3,19:00,0,2d4a3a2b53be493,Tempe,0,AZ ,0,0,0,1,0,0,1,0,0,0,1,0,0,0,40.0,0,1,0,0,0,0,0,1,0,0,0,0,0,0,0,,Passenger Car,1,0,0,0,0,0,Proceeding Straight,0,0,0,0,1,0,0,1,0,0,1,0,0,Proceeding Straight,0,0,1,1.0,0,1,0,0,1,0,0,1,0,0,0,0,0,0,1,0,1,1,0,Yes,Tempe Police Department, ,Yes,[MAY CONTAIN PERSONALLY IDENTIFIABLE INFORMATION], ,[MAY CONTAIN PERSONALLY IDENTIFIABLE INFORMATION], ,[MAY CONTAIN PERSONALLY IDENTIFIABLE INFORMATION], ,Yes, ,"On March [XXX], 2023 at 7:00 PM PST a Waymo Autonomous Vehicle (Waymo AV) operating in Tempe, Arizona was in a collision involving a passenger vehicle on [XXX] near [XXX].
The Waymo AV was traveling southbound on [XXX] behind traffic that was backed up from the intersection with [XXX]. As the Waymo AV was accelerating from a stop, a passenger vehicle approached the Waymo AV from behind and made contact with the rear of the Waymo AV. At the time of the impact, the Waymo AVs Level 4 ADS was engaged in autonomous mode, and a test driver was present (in the drivers seating position). The Waymo AV test driver reported having a minor injury and the passenger vehicle left the scene.
Waymo is reporting this crash under Request No. 2 of Standing General Order 2021-01. Waymo may supplement or correct its reporting with additional information as it may become available.",
30270-5326,1,Waymo LLC,0,0,0,1,0,3.0,2023.0,2023,4,SADHW2S10M1,0,Jaguar,I-Pace,2021.0,4d3dc5f194fb109,61708.0,0,0,1,0,0,5th Generation ADS,0,0,,0,0,,0,0,,0,0,,0,0,0,,1,0,1,0,Waymo LLC,0,1,0,0,0,0,0,,2023,3,0,2023,3,13:35,0,91bc2053ec7b4b5,Tempe,0,AZ ,0,1,0,0,0,0,1,0,0,0,1,0,0,0,35.0,0,0,0,0,1,0,0,1,0,0,0,0,0,0,0,,Passenger Car,0,0,1,0,0,1,Making Right Turn,0,0,0,0,0,0,0,0,0,0,1,0,0,Making Right Turn,0,0,1,2.0,0,0,0,0,1,0,0,0,0,0,0,0,0,0,1,0,1,1,0,No,, ,Yes,, ,, ,, ,Yes, ,"On March [XXX], 2023 at 1:35 PM PST a Waymo Autonomous Vehicle (Waymo AV) operating in Tempe, Arizona was in a collision involving a passenger car on [XXX] and [XXX].
While attempting a right turn in autonomous mode from westbound [XXX] onto northbound [XXX], the Waymo AV was yielding to traffic approaching from the left. As the Waymo AV attempted to proceed, the test driver transitioned to manual mode and brought the Waymo AV to a stop. A passenger car behind the Waymo AV proceeded forward and made contact with the rear of the Waymo AV. At the time of the impact, the Waymo AVs Level 4 ADS was not engaged and a test driver was operating the Waymo AV in manual mode. The Waymo AV and the passenger vehicle sustained damage.
Waymo is reporting this crash under Request No. 2 of Standing General Order 2021-01. Waymo may supplement or correct its reporting with additional information as it may become available.",
30792-4714,1,WeRide Corp,0,0,0,1,0,1.0,2023.0,2023,4,1N4CZ1CV2PC,0,Nissan,Leaf SV Plus,2023.0,caa76225bb77e79,868.0,0,0,1,0,0,Level 4,0,0,,0,0,,0,0,,0,0,,0,0,0,,1,0,1,0,WeRide Corp,0,1,0,0,1,0,0,,2022,12,0,2022,12,16:31,0,72519d84cb48f6e,Las Vegas,0,NV ,0,1,0,0,0,0,1,0,0,0,1,0,0,0,30.0,0,0,0,1,0,0,0,1,0,0,0,0,0,0,0,,SUV,0,0,1,0,0,1,Making Right Turn,0,0,0,0,1,0,0,0,0,0,0,0,0,Making Right Turn,0,0,1,0.0,0,0,0,0,1,0,0,0,0,0,0,0,0,0,1,0,1,0,0,No,, ,Yes,, ,, ,, ,Yes, ,"At  4:31pm on 12/[XXX]/2023 a Weride safety officer operating a Weride L4 autonomous vehicle (car 1) was in autonomous mode traveling South Bound [XXX] and was stopped at the right turn lane for a red traffic light towards [XXX].  While the light was still red, our vehicle slowly moved forward and then yielded for incoming cross traffic. While yielding, the rear vehicle (car 2) behind us accelerated and collided with our vehicle (car 1). The safety driver then disengaged the vehicle as a precautionary measure (car 1) and moved over to examine the minor rear-end collision situation and exchange information with car 2 driver. Since the damage to weride car was minimal, it was driven back in manual mode.",
30270-5319,1,Waymo LLC,0,0,0,1,0,3.0,2023.0,2023,4,SADHW2S16M1,0,Jaguar,I-Pace,2021.0,dd9c07aaa0d58c4,38196.0,0,0,0,0,1,5th Generation ADS,0,0,,0,0,,0,0,,0,0,,0,0,0,,1,0,1,0,Waymo LLC,0,1,0,0,0,0,0,,2023,3,0,2023,3,12:03,0,2b877b899692cdd,Phoenix,0,AZ ,0,0,0,1,0,0,1,0,0,0,1,0,0,0,25.0,0,0,0,0,1,0,0,1,0,0,0,0,0,0,0,,Heavy Truck,0,0,1,0,0,1,Backing,0,0,0,0,0,0,0,0,1,0,0,0,0,Stopped,0,0,0,0.0,0,0,0,1,0,0,0,0,0,0,0,0,0,0,1,0,1,1,0,No,, ,Yes,, ,, ,, ,Yes, ,"On March [XXX], 2023 at 12:03 PM PST a Waymo Autonomous Vehicle (Waymo AV) operating in Phoenix, Arizona was in a collision involving a heavy truck on [XXX] between [XXX] and [XXX].
The Waymo AV was traveling southbound on [XXX] when it approached a heavy truck and trailer that was positioning to reverse perpendicularly across [XXX] to back into an adjacent driveway. The Waymo AV stopped and the truck and trailer began reversing across [XXX]. The rear passengers side corner of the truck then made contact with the front drivers side corner of the stationary Waymo AV. At the time of the impact, the Waymo AVs Level 4 ADS was engaged in autonomous mode. The Waymo AV sustained damage.
Waymo is reporting this crash under Request No. 2 of Standing General Order 2021-01. Waymo may supplement or correct its reporting with additional information as it may become available.",
988-5310,1,PACCAR Incorporated,0,0,0,1,0,4.0,2023.0,2023,4,1XPBD49X2PD,0,Peterbilt,579,2022.0,266606b641b9c42,31279.0,0,0,1,0,0,"[REDACTED, MAY CONTAIN CONFIDENTIAL BUSINESS INFORMATION]",0,1,,0,0,,0,0,,0,0,,0,0,0,,1,0,0,1,"Aurora Operations, Inc.",0,1,0,1,0,0,0,,2023,3,0,2023,3,8:01,0,5e8ac7239468e4d,Weatherford,0,TX ,1,0,0,0,0,0,1,0,0,0,1,0,0,0,70.0,0,0,0,0,1,0,0,0,0,1,0,0,0,0,0,,Passenger Car,0,0,1,0,0,1,Lane / Road Departure,0,0,0,0,0,0,0,0,1,0,0,0,0,Lane / Road Departure,0,0,0,65.0,0,0,0,1,0,0,0,0,0,0,0,0,1,0,1,0,1,1,0,Yes,Weatherford Police Dept, ,Yes,,Y,,Y,,Y,Yes, ,"At 8:01 AM CDT on 3/[XXX]/23, an Aurora Class 8 truck was traveling westbound in autonomy mode on [XXX]
near [XXX] when a passing vehicle encroached on the Aurora trucks lane. The Aurora truck nudged right for the
vehicle encroaching on the lane. This vehicle continued to veer toward Aurora's truck at over 65 miles per hour,
causing a collision. Aurora disengaged autonomy before impact and pulled to the shoulder along with the involved
vehicle. Both vehicles were able to be driven from the scene, and there were no reported injuries.",
30530-5289,1,"Aurora Operations, Inc.",0,0,0,1,0,4.0,2023.0,2023,4,1XPBD49X2PD,0,Peterbilt,579m,2022.0,266606b641b9c42,31279.0,0,0,1,0,0,"[REDACTED, MAY CONTAIN CONFIDENTIAL BUSINESS INFORMATION]",0,1,,0,0,,0,0,,0,0,,0,0,0,,1,0,1,0,"Aurora Operations, Inc.",0,1,0,1,1,0,1,Sensor data,2023,3,0,2023,3,08:01,0,5e8ac7239468e4d,Weatherford,0,TX ,1,0,0,0,0,0,1,0,0,0,1,0,0,0,70.0,0,0,0,0,1,0,0,0,0,1,0,0,0,0,0,,Passenger Car,0,0,1,0,0,1,Lane / Road Departure,0,0,0,0,0,0,0,0,1,0,0,0,0,Proceeding Straight,0,0,0,65.0,0,0,0,1,0,0,0,0,0,0,0,0,1,0,1,0,1,1,0,No,, ,Yes,, ,, ,, ,Yes, ,"At 8:01 AM CDT on 3/[XXX]/23, an Aurora Class 8 truck was traveling westbound in autonomy mode on [XXX] near [XXX] when a passing vehicle encroached on the Aurora trucks lane. The Aurora truck nudged right for the vehicle encroaching on the lane. This vehicle continued to veer toward Aurora's truck at over 65 miles per hour, causing a collision. Aurora disengaged autonomy before impact and pulled to the shoulder along with the involved vehicle. Both vehicles were able to be driven from the scene, and there were no reported injuries.",
30610-5225,2,"Zoox, Inc.",0,0,0,0,1,,,2023,4,5TDDCRFH1GS,0,Toyota,Highlander,2016.0,0d9547747a03581,111324.0,0,0,1,0,0,69.23.03.20,0,0,,0,0,,0,0,,0,0,,0,0,0,,1,0,1,0,Zoox,0,0,0,1,1,0,0,,2023,3,0,2023,3,14:40,0,ee7b4bbad8b4c29,Paradise,0,NV ,0,1,0,0,0,0,1,0,0,0,1,0,0,0,45.0,0,0,0,0,1,0,0,1,0,0,0,0,0,0,0,,Pickup Truck,0,0,1,0,0,1,Merging,0,0,0,0,0,0,0,1,0,0,1,0,0,Merging,0,0,1,0.0,0,1,0,0,1,0,0,1,0,0,0,0,0,0,1,0,1,0,0,No,, ,No,, ,, ,, ,Yes, ,"A Zoox vehicle in autonomous mode was stopped in a merge lane from northbound [XXX] onto [XXX] yielding and waiting for cross traffic. As it began to creep forward, it again came to a stop and it was struck by the vehicle behind at low speed. There were no injuries and police were not called. This report was updated to change the mileage section to ""Highlander"".",
30610-5224,1,"Zoox, Inc.",0,0,0,1,0,4.0,2023.0,2023,4,5TDDCRFH7G5,0,Toyota,Highlander,2016.0,95e36aed306c214,97446.0,0,0,1,0,0,112.23.03.17,0,0,,0,0,,0,0,,0,0,,0,0,0,,1,0,1,0,Zoox,0,0,0,1,1,0,0,,2023,3,0,2023,3,22:45,0,01fe1096ad10e2c,Paradise,0,NV ,0,0,0,1,0,0,1,0,0,0,1,0,0,0,25.0,0,0,0,0,0,0,1,1,0,0,0,0,0,0,0,,Other Fixed Object,0,0,1,0,0,1,,0,0,0,0,0,0,0,0,0,0,0,0,0,Making Right Turn,0,0,1,4.0,0,0,0,0,0,0,0,0,0,1,0,0,0,0,1,0,1,0,0,No,, ,No,, ,, ,, ,Yes, ,"A Zoox vehicle in autonomous mode was traveling northbound on an access road towards [XXX] in Las Vegas, Nevada, when the driver disengaged for a vehicle in the oncoming lane rounding a tight curve. Approximately eleven seconds after disengaging, the driver proceeded in manual mode making a right turn and struck the curb at low speed. There were no injuries and police were not called.",
540-5000,2,"General Motors, LLC",0,0,1,0,0,,,2023,3,5G21A6P00P4,0,Cruise,AV,2023.0,c81bcb055117b58,3904.0,0,0,1,0,0,,1,0,,0,0,,0,0,,0,0,,0,0,0,,1,0,1,0,Cruise LLC,0,1,0,1,1,0,0,,2023,3,0,2023,3,13:01,0,3858314d6e8eea8,Tempe,0,AZ ,0,1,0,0,0,0,1,0,0,0,1,0,0,0,35.0,0,0,0,0,1,0,0,1,0,0,0,0,0,0,0,,Passenger Car,1,0,0,0,0,1,Proceeding Straight,1,0,0,0,1,0,0,1,0,0,1,0,0,Proceeding Straight,0,1,1,6.0,0,0,1,0,0,0,0,0,0,0,0,0,1,0,1,0,1,1,0,Yes,Tempe Police Department, ,Yes,[MAY CONTAIN PERSONALLY IDENTIFIABLE INFORMATION], ,,Y,,Y,"Unknown, see Narrative", ,"On March 20, 2023, GM Cruise Holdings LLC (""Cruise"") filed a 10 day update to an  Incident Report (the ""Report"") under the Standing General Order 2021-01 dated June 29, 2021 (the ""Order""). General Motors LLC (GM) manufactured the Cruise-operated motor vehicle involved in the incident summarized in the Incident Report. Because GM is also a Reporting Entity under the Order, GM is submitting a duplicate of the redacted public copy of the Report. GM has selected ""Unknown"" in the ""ADS version"" and ""ODD time"" fields solely to avoid a second submission of nonpublic Cruise CBI GM is in possession of Cruise's responses to these fields, and incorporates Cruise's responses into this submission by reference. GM's submission is based on facts supplied to GM by Cruise. GM has not investigated the alleged incident and currently believes, based on a reasonable inquiry, that it has no independent knowledge of the facts in the Report. (Reference file: 30412-4996-2).",
30412-4996,2,Cruise LLC,0,0,1,0,0,,,2023,3,5G21A6P00P4,0,Cruise,AV,2023.0,c81bcb055117b58,3904.0,0,0,1,1,0,"[REDACTED, MAY CONTAIN CONFIDENTIAL BUSINESS INFORMATION]",0,1,,0,0,,0,0,,0,0,,0,0,0,,1,0,1,0,Cruise LLC,0,1,0,1,1,0,0,,2023,3,0,2023,3,13:01,0,3858314d6e8eea8,Tempe,0,AZ ,0,1,0,0,0,0,1,0,0,0,1,0,0,0,35.0,0,0,0,0,1,0,0,1,0,0,0,0,0,0,0,,Passenger Car,1,0,0,0,0,1,Proceeding Straight,1,0,0,0,1,0,0,1,0,0,1,0,0,Proceeding Straight,0,1,1,6.0,0,0,1,0,0,0,0,0,0,0,0,0,1,0,1,0,1,1,0,Yes,Tempe Police Department, ,Yes,[MAY CONTAIN PERSONALLY IDENTIFIABLE INFORMATION], ,,Y,,Y,"[REDACTED, MAY CONTAIN CONFIDENTIAL BUSINESS INFORMATION]",Y,"There are no updates related to this incident since the original submission on March 12, 2023. A Cruise autonomous vehicle (""Cruise AV""), operating in supervised autonomous mode, was at a complete stop in response to a red light on northbound [XXX] at the intersection with [XXX]. The Cruise AV began to proceed after the light turned green. After the Cruise AV entered the intersection on its green light, a blue Nissan Versa traveling eastbound on [XXX] failed to stop at the red light in its direction of travel and proceeded into the intersection with [XXX]. Shortly thereafter, the Nissan Versa made contact with the Cruise AV's rear driver side door panel, rear driver side wheel well, and rear driver side wheel, damaging the Cruise AV's rear driver side door panel, rear driver side wheel well, and rear driver side wheel. The parties exchanged information and one of the Cruise AV operators reported minor injuries. The Cruise AV was towed from the incident. [REDACTED, MAY CONTAIN CONFIDENTIAL BUSINESS INFORMATION]",Y
30531-5088,1,Transdev Alternative Services,0,0,0,1,0,2.0,2023.0,2023,3,SADHW2S15M1,0,Jaguar,I-Pace,2021.0,4dd9f0bc3236236,50282.0,0,0,1,0,0,5th Generation ADS,0,0,,0,0,,0,0,,0,0,,0,0,0,,1,0,1,0,Waymo LLC,0,1,0,0,0,0,0,,2023,2,0,2023,2,17:27,0,7c0c1b1cf93259f,Tempe,0,AZ ,0,0,0,1,0,0,1,0,0,0,1,0,0,0,45.0,0,0,0,0,1,0,0,1,0,0,0,0,0,0,0,,SUV,0,0,1,0,0,0,Changing Lanes,0,0,0,0,0,0,0,0,0,0,1,0,0,Proceeding Straight,0,0,1,40.0,0,1,0,0,0,0,0,0,0,0,0,0,0,0,1,0,1,1,0,No,, ,Yes,, ,, ,, ,Yes, ,"On February [XXX], 2023 at 5:27 PM PST a Waymo Autonomous Vehicle (""Waymo AV"") operating in Tempe, Arizona was in a collision involving a SUV on [XXX] at [XXX].
The Waymo AV was traveling North on [XXX] in the right most lane.  As the Waymo AV approached the intersection of [XXX], traffic in the two lanes to the left of the Waymo AV was backed up and slow or stopped.  A SUV attempted to merge from the leftmost lane across a gap in traffic in the center lane and into the rightmost lane.  While attempting to enter the Waymo AV's lane, the front right of the SUV made contact with the rear left of the Waymo AV.  At the time of the impact, the Waymo AV's Level 4 ADS was engaged in autonomous mode, and a test driver was present (in the driver's seating position).  Both vehicles sustained damage.
Transdev Alternative Services is reporting this crash under Request no. 2 of Standing General Order 2021-01.  Transdev may supplement or correct its reporting with additional information as it may become available.",
30270-5082,1,Waymo LLC,0,0,0,1,0,2.0,2023.0,2023,3,SADHW2S15M1,0,Jaguar,I-Pace,2021.0,4dd9f0bc3236236,50282.0,0,0,1,0,0,5th Generation ADS,0,0,,0,0,,0,0,,0,0,,0,0,0,,1,0,1,0,Waymo LLC,0,1,0,0,0,0,0,,2023,2,0,2023,2,17:27,0,7c0c1b1cf93259f,Tempe,0,AZ ,0,0,0,1,0,0,1,0,0,0,1,0,0,0,45.0,0,0,0,0,1,0,0,1,0,0,0,0,0,0,0,,SUV,0,0,1,0,0,0,Changing Lanes,0,0,0,0,0,0,0,0,0,0,1,0,0,Proceeding Straight,0,0,1,40.0,0,1,0,0,0,0,0,0,0,0,0,0,0,0,1,0,1,1,0,No,, ,Yes,, ,, ,, ,Yes, ,"On February [XXX], 2023 at 5:27 PM PST a Waymo Autonomous Vehicle (""Waymo AV"") operating in Tempe, Arizona was in a collision involving a SUV on [XXX]  at [XXX].
The Waymo AV was traveling North on [XXX] in the rightmost lane. As the Waymo AV approached the intersection of [XXX], traffic in the two lanes to the left of the Waymo AV was backed up and moving slowly or stopped. A SUV attempted to merge from the leftmost lane across a gap in traffic in the center lane and into the rightmost lane. While attempting to enter the Waymo AV's lane, the front right of the SUV made contact with the rear left of the Waymo AV. At the time of the impact, the Waymo AV's Level 4 ADS was engaged in autonomous mode, and a test driver was present (in the driver's seating position). Both vehicles sustained damage.
Waymo is reporting this crash under Request No. 2 of Standing General Order 2021-01. Waymo may supplement or correct its reporting with additional information as it may become available.",
988-4816,1,PACCAR Incorporated,0,0,0,1,0,2.0,2023.0,2023,3,1XKYD49XXPJ,0,Kenworth Motor Truck Co,T680,2023.0,2309d0a572da37c,40405.0,0,0,1,0,0,,1,0,,0,0,,0,0,,0,0,,0,0,0,,1,0,1,0,"Kodiak Robotics, Inc.",0,0,0,0,1,0,0,,2023,2,0,2023,2,10:15,0,d1097c7706589a9,Waxahachie,0,TX ,1,0,0,0,0,0,1,0,0,0,0,0,1,0,60.0,0,0,0,0,1,0,0,0,0,1,0,0,0,0,0,,SUV,0,0,1,0,0,1,Lane / Road Departure,0,1,0,0,0,0,0,0,0,0,1,0,0,Proceeding Straight,0,0,1,56.0,0,1,0,0,0,0,0,0,0,0,0,0,0,0,1,0,1,1,0,Yes,Waxahachie Police Department, ,No,[MAY CONTAIN PERSONALLY IDENTIFIABLE INFORMATION], ,[MAY CONTAIN PERSONALLY IDENTIFIABLE INFORMATION], ,[MAY CONTAIN PERSONALLY IDENTIFIABLE INFORMATION], ,Yes, ,"A police report was issued after the 1-Day SGO incident report was submitted. It determined the driver of the
crossover SUV to be at fault and noted that the crossover SUV's driver advised officers that he fell asleep while driving and
caused the accident. The content of this incident report is otherwise unchanged from the initial incident report submitted on
February 7, 2023.
On February 7, 2023, Kodiak Robotics, Inc. (""Kodiak"") filed an Incident Report (the ""Report"") under the Standing General Order 2021-01 (the ""Order""). PACCAR, Inc. (Paccar) manufactured the Kodiak-operated motor vehicle involved in the incident summarized in the Incident Report. Because Paccar is also a Reporting Entity under the Order, Paccar is submitting a duplicate of the redacted public copy of the Report. Paccar has selected ""Unknown"" in the ""ADS version"" field solely to avoid a second submission of nonpublic Kodiak CBI. Paccar is in possession of Kodiak's response to this field and incorporates Kodiak's response into this submission by reference. Paccar's submission is based on facts supplied to Paccar by Kodiak. Paccar has not investigated the alleged incident and currently believes, based on a reasonable inquiry, that it has no independent knowledge of the facts in the Report.",
30391-5009,1,Kodiak Robotics,0,0,0,1,0,2.0,2023.0,2023,3,1XKYD49XXPJ,0,Kenworth Motor Truck Co,T680,2023.0,2309d0a572da37c,40405.0,0,0,1,0,0,"[REDACTED, MAY CONTAIN CONFIDENTIAL BUSINESS INFORMATION]",0,1,,0,0,,0,0,,0,0,,0,0,0,,1,0,1,0,"Kodiak Robotics, Inc.",0,0,0,0,1,0,0,,2023,2,0,2023,2,10:15,0,d1097c7706589a9,Waxahachie,0,TX ,1,0,0,0,0,0,1,0,0,0,0,0,1,0,60.0,0,0,0,0,1,0,0,0,0,1,0,0,0,0,0,,SUV,0,0,1,0,0,1,Lane / Road Departure,0,1,0,0,0,0,0,0,0,0,1,0,0,Proceeding Straight,0,0,1,56.0,0,1,0,0,0,0,0,0,0,0,0,0,0,0,1,0,1,1,0,Yes,Waxahachie Police Department, ,No,[MAY CONTAIN PERSONALLY IDENTIFIABLE INFORMATION], ,[MAY CONTAIN PERSONALLY IDENTIFIABLE INFORMATION], ,[MAY CONTAIN PERSONALLY IDENTIFIABLE INFORMATION], ,Yes, ,"Monthly Report Update: The content of this report is unchanged from the 10-Day report submitted on February 15, 2023 [REDACTED, MAY CONTAIN CONFIDENTIAL BUSINESS INFORMATION].
10-Day Report Update: A police report was issued after the 1-Day SGO incident report was submitted. It determined the driver of the crossover SUV to be at fault and noted that the crossover SUVs driver advised officers that he fell asleep while driving and caused the accident. The content of this incident report is otherwise unchanged from the initial incident report submitted on February 7, 2023 [REDACTED, MAY CONTAIN CONFIDENTIAL BUSINESS INFORMATION].
On Feb [XXX], 2023, at 10:15am CST a Kodiak Robotics autonomous Kenworth Class 8 semi-truck (Kodiak AV) traveling northbound on [REDACTED, MAY CONTAIN CONFIDENTIAL BUSINESS INFORMATION] in [REDACTED, MAY CONTAIN CONFIDENTIAL BUSINESS INFORMATION], Texas was rear-ended by a crossover SUV. The Kodiak AV was traveling in the right lane of a three-lane portion of [REDACTED, MAY CONTAIN CONFIDENTIAL BUSINESS INFORMATION]. While driving down the highway, a crossover SUV traveling in the left lane abruptly swerved out of its lane, across the center lane, and into the right lane where it collided with the rear left corner of the trailer attached to the Kodiak AV. At the time of the incident, the Kodiak AV was being driven manually by the safety driver who had disengaged the system from autonomous mode approximately 21.5 seconds prior to impact. 
No injuries were reported at the scene. The trailers impact guard sustained minor damage but the Kodiak AV was able to drive away from the scene. The crossover SUV sustained damage to its hood and was towed away from the scene. 
Kodiak is reporting this crash under Request No. 1 of the Standing General Order 2021-01 because the crossover SUV required towing. Kodiak may supplement or correct its reporting with additional information as it may become available.",Y