Report ID,Report Version,Reporting Entity,Report_Type_1 Day Update,Report_Type_5 Day Update,Report_Type_10 Day Update,Report_Type_Monthly Report,"Report_Type_Updated, but no time indicated",Report Month,Report Year,Submission Year,Submission Month,VIN,VIN - Unknown,Make,Model,Model Year,Same Vehicle ID,Mileage,Mileage - Unknown,Driver / Operator Type_Consumer,Driver / Operator Type_In-Vehicle,Driver / Operator Type_Remote,Driver / Operator Type_None or Other,ADAS/ADS System Version,ADAS/ADS System Version - Unk,ADAS/ADS System Version CBI,ADAS/ADS Hardware Version,ADAS/ADS Hardware Version - Unk,ADAS/ADS Hardware Version CBI,ADAS/ADS Software Version,ADAS/ADS Software Version - Unk,ADAS/ADS Software Version CBI,Other Reporting Entities?,Other Reporting Entities? - Unk,Other Reporting Entities? - NA,Federal Regulatory Exemption?,Federal Reg. Exemption - Unk,Federal Reg. Exemption - No,State or Local Permit?,State or Local Permit,ADS Equipped?,Automation System Engaged_ADAS,Automation System Engaged_ADS,"Automation System Engaged_Unknown, see Narrative",Operating Entity,Source - Complaint/Claim,Source - Telematics,Source - Law Enforcement,Source - Field Report,Source - Testing,Source - Media,Source - Other,Source - Other Text,Incident Year,Incident Month,Incident Date - Unknown,Notice Received Year,Notice Received Month,Incident Time (24:00),Incident Time - Unknown,Same Incident ID,City,City - Unknown,State,Roadway Type_Highway / Freeway,Roadway Type_Intersection,Roadway Type_Parking Lot,Roadway Type_Street,Roadway Type_Traffic Circle,Roadway Type_Unknown,Roadway Surface_Dry,Roadway Surface_Snow / Slush / Ice,Roadway Surface_Unknown,Roadway Surface_Wet,Roadway Description_No Unusual Conditions,Roadway Description_Traffic Incident,Roadway Description_Work Zone,"Roadway Description_Other, Unknown or Missing",Posted Speed Limit (MPH),Posted Speed Limit - Unknown,Lighting_Dark - Lighted,Lighting_Dark - Not Lighted,Lighting_Dawn / Dusk,Lighting_Daylight,Lighting_Other or Unknown,Lighting_Dark - Unknown Lighting,Weather - Clear,Weather - Snow,Weather - Cloudy,Weather - Fog/Smoke,Weather - Rain,Weather - Severe Wind,Weather - Unknown,Weather - Other,Weather - Other Text,Crash With,Highest Injury Severity Alleged_Minor,Highest Injury Severity Alleged_Moderate,Highest Injury Severity Alleged_No Injuries Reported,Highest Injury Severity Alleged_Serious,Highest Injury Severity Alleged_Unknown,Property Damage?,CP Pre-Crash Movement,CP Any Air Bags Deployed?,CP Was Vehicle Towed?,CP Contact Area - Rear Left,CP Contact Area - Left,CP Contact Area - Front Left,CP Contact Area - Rear,CP Contact Area - Top,CP Contact Area - Front,CP Contact Area - Rear Right,CP Contact Area - Right,CP Contact Area - Front Right,CP Contact Area - Bottom,CP Contact Area - Unknown,SV Pre-Crash Movement,SV Any Air Bags Deployed?,SV Was Vehicle Towed?,SV Were All Passengers Belted?,SV Precrash Speed (MPH),SV Pre-crash Speed - Unknown,SV Contact Area - Rear Left,SV Contact Area - Left,SV Contact Area - Front Left,SV Contact Area - Rear,SV Contact Area - Top,SV Contact Area - Front,SV Contact Area - Rear Right,SV Contact Area - Right,SV Contact Area - Front Right,SV Contact Area - Bottom,SV Contact Area - Unknown,Data Availability - EDR,Data Availability - Police Rpt,Data Availability - Telematics,Data Availability - Complaints,Data Availability - Video,Data Availability - Other,Data Availability - Unknown,Law Enforcement Investigating?,Investigating Agency,Investigating Agency - Unknown,Rep Ent Or Mfr Investigating?,Investigating Officer Name,Inv. Officer Name - Unknown,Investigating Officer Phone,Inv. Officer Phone - Unknown,Investigating Officer Email,Inv. Officer Email - Unknown,Within ODD?,Within ODD? - CBI,Narrative,Narrative - CBI?
1306-4390,2,Toyota Motor Engineering & Manufacturing,0,0,1,0,0,,,2022,12,5TDYRKEC0MS,0,Toyota,Sienna,2021.0,bfc192427eab6ea,5708.0,0,0,1,0,0,4,0,0,,0,0,,0,0,,0,0,,0,0,0,,1,0,1,0,May Mobility,0,0,0,1,0,0,0,,2022,12,0,2022,12,09:02,0,efaea9d26730376,Sun City,0,AZ ,0,0,0,1,0,0,1,0,0,0,1,0,0,0,30.0,0,0,0,0,1,0,0,1,0,0,0,0,0,0,0,,Motorcycle,0,0,1,0,0,0,Proceeding Straight,0,0,0,0,1,0,0,0,0,0,0,0,0,Stopped,0,0,1,0.0,0,0,0,0,1,0,0,1,0,0,0,0,0,0,0,0,0,1,0,No,, ,No,, ,, ,, ,Yes, ,"This report is being submitted because May Mobility notified Toyota on Dec. 9, 2022 of 1-Day Report submission 30413-4378-1,related to an incident that occurred on Dec. [XXX], 2022. Toyota has no additional information on this incident beyond what was submitted in the aforementioned 1-Day Report. Please refer to the report from May Mobility for details.
This report is a 10-Day update. The original report ID is 1306-4390-1.",
1306-4389,2,Toyota Motor Engineering & Manufacturing,0,0,1,0,0,,,2022,12,2T2JGMDA0LC,0,Lexus,RX450H,2020.0,cb6e38b363be262,25702.0,0,0,1,0,0,4,0,0,,0,0,,0,0,,0,0,,0,0,0,,1,0,0,1,May Mobility,0,0,0,1,0,0,0,,2022,11,0,2022,12,15:43,0,03ad388e6676c05,Ann Arbor,0,MI ,0,1,0,0,0,0,1,0,0,0,1,0,0,0,25.0,0,0,0,0,1,0,0,1,0,0,0,0,0,0,0,,Non-Motorist: Cyclist,0,0,1,0,0,0,NM Moving on Sidewalk,0,0,0,0,0,0,0,0,0,0,0,0,0,Entering Traffic,0,0,1,4.0,0,0,0,1,0,0,1,0,0,0,0,0,0,1,0,0,0,0,0,No,, ,No,, ,, ,, ,"No, see Narrative", ,"This report is being submitted because May Mobility notified Toyota on Dec. 9, 2022 of 1-Day Report submission 30413-4170-1,related
to an incident that occurred on Nov. [XXX], 2022. Toyota has no additional information on this incident beyond what was submitted in the
aforementioned 1-Day Report. Please refer to the report from May Mobility for details.
This report is a 10 Day update. The original report ID is 1306-4389-1.",
30270-4484,1,Waymo LLC,0,0,0,1,0,11.0,2022.0,2022,12,SADHW2S10M1,0,Jaguar,I-Pace,2021.0,751464043310771,33978.0,0,0,0,0,1,5th Generation ADS,0,0,,0,0,,0,0,,0,0,,0,0,0,,1,0,1,0,Waymo LLC,0,1,0,0,0,0,0,,2022,11,0,2022,11,08:48,0,420fb566c542133,Phoenix,0,AZ ,0,0,0,1,0,0,1,0,0,0,1,0,0,0,25.0,0,0,0,0,1,0,0,1,0,0,0,0,0,0,0,,Heavy Truck,0,0,1,0,0,1,Proceeding Straight,0,0,0,0,1,0,0,0,0,0,0,0,0,Stopped,0,0,0,0.0,0,1,0,0,0,0,0,0,0,0,0,0,0,0,1,0,1,1,0,Yes,AZ Department of Safety: Mountain View Precinct, ,Yes,[MAY CONTAIN PERSONALLY IDENTIFIABLE INFORMATION], ,,Y,,Y,Yes, ,"On November [XXX], 2022 at 8:48 AM PST a Waymo Autonomous Vehicle (Waymo AV) operating in Phoenix, Arizona was in a collision involving a garbage truck on the 500 block of [XXX].
The Waymo AV was traveling eastbound on [XXX] when it encountered a stopped garbage truck traveling westbound. The Waymo AV pulled to the right side of the street and stopped, unable to proceed past the garbage truck and an SUV parked parallel to the curb. The garbage truck then attempted to pass between the Waymo AV and a parked passenger vehicle to the right of the garbage truck, and the garbage truck made contact with the left rear corner of the Waymo AV. At the time of the impact, the Waymo AVs Level 4 ADS was engaged in autonomous mode and the Waymo AV was stationary. The Waymo AV sustained damage.
Waymo is reporting this crash under Request No. 2 of Standing General Order 2021-01. Waymo may supplement or correct its reporting with additional information as it may become available.",
30490-4473,1,"Beep, Inc.",0,0,0,1,0,12.0,2022.0,2022,12,1N9A1SAC6JS,0,Navya,ARMA,2018.0,8ecf1f29e92e6f2,3413.0,0,0,1,0,0,6.1.4,0,0,,0,0,,0,0,,0,0,,0,0,0,,1,0,0,1,Beep,0,1,1,1,0,0,0,,2022,12,0,2022,12,17:53,0,1d1efbae9103870,Port Saint Lucie,0,FL ,0,0,0,1,0,0,1,0,0,0,1,0,0,0,1.0,0,0,0,1,0,0,0,1,0,0,0,0,0,0,0,,Passenger Car,0,0,1,0,0,1,Parked,0,0,1,0,0,0,0,0,0,0,0,0,0,"Other, see Narrative",0,0,1,1.0,0,0,0,0,0,0,1,0,0,0,0,0,0,1,1,0,1,1,0,Yes,Port Saint Lucie Police Department, ,Yes,[MAY CONTAIN PERSONALLY IDENTIFIABLE INFORMATION], ,,Y,,Y,Yes, ,"On December [XXX], 2022, a Navya ARMA shuttle operated by Beep (VIN 1N9A1SACXJS[XXX]) was involved in a non-injury collision while operating in manual mode on [XXX] in Port Saint Lucie, FL.  While driving along [XXX] under autonomous control, the shuttle encountered a parked vehicle partially blocking its path, requiring disengagement of the autonomous drive system.  The safety driver attempted to manually drive the shuttle around the parked vehicle to reengage the autonomous drive system.  While manually steering the shuttle around the parked vehicle blocking its path, the shuttle failed to respond to manual control input and steered to the left, impacting a parked vehicle at a low rate of speed on the opposite side of [XXX].  The six passengers onboard alighted the shuttle, an accident report was filed with the local police, and the shuttle was removed from the scene.  Initial reports from the onboard safety driver indicated that while steering around the vehicle blocking the shuttle's path, the shuttle became unresponsive to control input.  The safety driver released the operator present button on the vehicle controller, which serves as dead man switch however, the vehicle failed to stop.  After the incident, further investigation by Navya confirmed that the root cause of the incident was a failure of the Xbox 360 controller used to manually control the vehicle.  Contact with the parked vehicle occurred between the time of failure and the vehicle drive system recognizing that the controller had failed an elapsed time of 4.05 seconds. In response to the incident, Beep suspended operation of all Navya ARMA vehicles pending identification and implementation of appropriate solutions to mitigate the risk of this failure leading to future incidents.
Subsequent investigation by Beep and Navya determined that the vehicle control software, NavyaDrive, is limited in its ability to monitor the validity of control signal input received from the Xbox 360 controller.  As the safety driver began to manually steer the vehicle, the controller failed, sending constant turning input to the vehicle drive system leading to the collision.  Though Navya developed software mitigations due to prior issues encountered with the controller, those mitigations were ineffective with respect to the failure leading to the incident on December [XXX].  Further, due to the short time between the controller failing and the collision (2.34sec), the safety driver was unable to identify the controller failure and trigger the emergency stop before the collision occurred.
In response to the incident, Navya is integrating a revised manual control system on the ARMA shuttle platform.  The revised manual control system utilizes industrial-grade components for improved electromechanical reliability and allows for active monitoring of the control system health, eliminating the root cause of the failure that led to the incident on December [XXX].  Software upgrades of all Navya ARMA vehicles will further reintroduce automated braking function while the ARMA vehicle is under manual control.  Beep is working with Navya to retrofit its fleet of ARMA vehicles with the revised manual control system as well as retrain and recertify its safety driver staff on the updated NavyaDrive software.
Discussion of the root cause analysis and solution design for the revised manual control system will be provided to NHTSA as a supplement to this report.",
30270-4363,2,Waymo LLC,0,0,1,0,0,,,2022,12,SADHW2S18M1,0,Jaguar,I-Pace,2021.0,c076b8ec8eaf73f,47130.0,0,0,0,0,1,5th Generation ADS,0,0,,0,0,,0,0,,0,0,,0,0,0,,1,0,1,0,Waymo LLC,0,1,0,0,0,0,0,,2022,12,0,2022,12,21:05,0,c540122a7151606,Phoenix,0,AZ ,0,0,1,0,0,0,0,0,0,1,1,0,0,0,15.0,0,1,0,0,0,0,0,1,0,0,0,0,0,0,0,,Other Fixed Object,0,0,1,0,0,1,,0,0,0,0,0,0,0,0,0,0,0,0,0,Making Right Turn,0,1,0,11.0,0,0,0,1,0,0,1,1,1,1,0,0,0,0,1,0,1,1,0,No,, ,Yes,, ,, ,, ,Yes, ,"Other than the updated Speed Limit field, the content of this report is unchanged from the initial report submitted on December 5, 2022 [REDACTED, MAY CONTAIN CONFIDENTIAL BUSINESS INFORMATION]. 
On December [XXX], 2022 at 9:05 PM PST a Waymo Autonomous Vehicle (Waymo AV) operating in Phoenix, Arizona was in a collision involving a fixed object in a parking lot on the 4100 block of [XXX]. 
The Waymo AV was traveling southbound in a parking lot on [XXX] when it approached a parking lot barrier arm. The Waymo AV initially slowed for the arm but then proceeded forward, making contact with it and opening it. At the time of the impact, the Waymo AVs Level 4 ADS was engaged in autonomous mode. The Waymo AV sustained damage.
Waymo is reporting this crash under Request No. 1 of Standing General Order 2021-01 because a vehicle involved was towed away. Waymo may supplement or correct its reporting with additional information as it may become available.",
30610-4384,1,"Zoox, Inc.",0,0,0,1,0,12.0,2022.0,2022,12,5TDDCRFH3GS,0,Toyota,Highlander,2016.0,1db0801a222a5aa,88602.0,0,0,1,0,0,20.22.11.15,0,0,,0,0,,0,0,,0,0,,0,0,0,,1,0,1,0,Zoox Inc.,0,0,0,1,1,0,0,,2022,11,0,2022,11,18:06,0,197ec69939516db,Las Vegas,0,NV ,0,0,0,1,0,0,1,0,0,0,1,0,0,0,30.0,0,1,0,0,0,0,0,1,0,0,0,0,0,0,0,,Passenger Car,0,0,1,0,0,1,"Other, see Narrative",0,0,0,0,0,0,0,0,0,1,0,0,0,Changing Lanes,0,0,1,9.0,0,0,0,1,0,0,0,0,0,0,0,0,0,0,1,0,1,0,0,No,, ,No,, ,, ,, ,Yes, ,"A Zoox vehicle in autonomy was completing a lane change from lane 4 into lane 3 with turn signals illuminated, when Vehicle #2 suddenly swerved from lane 2 into lane 3 making light contact with the left front of the Zoox vehicle. No injuries were reported and police were not called to the scene.",
30413-4378,1,May Mobility,1,0,0,0,0,,,2022,12,5TDYRKEC0MS,0,Toyota,Sienna,2021.0,bfc192427eab6ea,5708.0,0,0,1,0,0,4,0,0,,0,0,,0,0,,0,0,,0,0,0,,1,0,1,0,May Mobility,0,0,0,1,0,0,0,,2022,12,0,2022,12,09:02,0,efaea9d26730376,Sun City,0,AZ ,0,0,0,1,0,0,1,0,0,0,1,0,0,0,30.0,0,0,0,0,1,0,0,1,0,0,0,0,0,0,0,,Motorcycle,0,0,1,0,0,0,Proceeding Straight,0,0,0,0,1,0,0,0,0,0,0,0,0,Stopped,0,0,1,0.0,0,0,0,0,1,0,0,1,0,0,0,0,0,0,0,0,0,1,0,No,, ,Yes,, ,, ,, ,Yes, ,"Subject vehicle left the [XXX] headed southwest on [XXX]. Following the [XXX] intersection a motorcycle started following us closely. The subject vehicle came to a stop and the motorcyclist attempted to brake in time, but hit the motorcycle's left mirror/handlebar against the rear passenger-side of the subject vehicle's bumper.",
30413-4352,1,May Mobility,1,0,0,0,0,,,2022,12,2T2JGMDA2LC,0,Lexus,RX450h,2020.0,1c26f99cf0c3b77,24692.0,0,0,1,0,0,4,0,0,,0,0,,0,0,,0,0,,0,0,0,,1,0,1,0,May Mobility,0,0,0,1,0,0,0,,2022,12,0,2022,12,18:38,0,f7cf904127f755d,Ann Arbor,0,MI ,0,0,0,1,0,0,1,0,0,0,0,1,0,0,0.0,0,1,0,0,0,0,0,1,0,0,0,0,0,0,0,,SUV,0,0,1,0,0,0,Proceeding Straight,0,0,0,0,0,0,0,1,0,0,1,0,0,Stopped,0,0,1,0.0,0,1,0,0,1,0,0,0,0,0,0,0,0,1,0,0,0,0,0,No,, ,Yes,, ,, ,, ,Yes, ,"Operator turned onto [XXX] headed westbound approaching the stop sign at the intersection with [XXX]. In autonomy, the subject vehicle came to a stop. An SUV behind the subject vehicle then rear-ended the subject vehicle. No injuries were reported by the operator or the driver of the other vehicle and there was no damage to the SUV and a small crack in the bumper for the subject vehicle.",
30530-4264,1,"Aurora Operations, Inc.",0,0,0,1,0,11.0,2022.0,2022,11,1XPBD49X0ND,0,Peterbilt,579,2022.0,f05623756b7ce73,3987.0,0,0,1,0,0,,1,0,,0,0,,0,0,,0,0,,0,0,0,,1,1,0,0,"Aurora Operations, Inc.",0,0,0,0,1,0,0,,2022,10,0,2022,10,10:55,0,b393cfe0f714730,Shenandoah,0,TX ,1,0,0,0,0,0,1,0,0,0,1,0,0,0,65.0,0,0,0,0,1,0,0,1,0,0,0,0,0,0,0,,"Other, see Narrative",0,0,1,0,0,1,"Other, see Narrative",0,0,0,0,0,0,0,0,0,0,0,0,1,Proceeding Straight,0,0,1,64.0,0,0,0,0,0,0,0,0,0,1,0,0,0,0,0,0,1,1,0,No,, ,No,, ,, ,, ,Yes, ,"At 10:55am on 10/[XXX]/22, an Aurora Class 8 truck was traveling southbound in manual mode in normal traffic conditions on [XXX] when an approximately 3-foot long 2x4 piece of wood was kicked up into the Aurora truck's windshield after going under the wheels of a truck to the left of the Aurora truck.  The Aurora truck's windshield cracked on the lower right side as a result of the strike, but did not shatter.  To be clear, the Aurora Driver was not in autonomous mode at the time of the incident or for 16 seconds prior to the incident.  There were no injuries as a result of the incident.",
502-4132,1,Ford Motor Company,0,0,0,1,0,10.0,2022.0,2022,11,1FMCU0DZ3LU,0,Ford,Escape,2020.0,44e401161509e26,2277.0,0,0,1,0,0,"[REDACTED, MAY CONTAIN CONFIDENTIAL BUSINESS INFORMATION]",0,1,,0,0,,0,0,,0,0,,0,0,0,,1,0,1,0,Argo AI,0,0,0,1,1,0,0,,2022,10,0,2022,10,08:00,0,04f2cedde6aabb4,Austin,0,TX ,0,0,0,1,0,0,1,0,0,0,1,0,0,0,25.0,0,0,0,0,1,0,0,1,0,0,0,0,0,0,0,,Passenger Car,0,0,1,0,0,1,Proceeding Straight,0,0,0,0,0,0,0,0,0,1,0,0,0,Making Right Turn,0,0,1,0.0,0,1,0,0,0,0,0,0,0,0,0,0,0,0,0,0,1,1,0,No,, ,Yes,, ,, ,, ,"[REDACTED, MAY CONTAIN CONFIDENTIAL BUSINESS INFORMATION]",Y,"As reported by Argo AI to Ford on October [XXX], 2022 (Report # 30290-4128-1), an Argo AI Autonomous Vehicle (""Argo AV"") was impacted in the rear while traveling [REDACTED, MAY CONTAIN CONFIDENTIAL BUSINESS INFORMATION]. As the Argo AV was completing the turn, the vehicle directly behind the Argo AV continued straight, failed to provide sufficient clearance, and contacted the driver side corner of the rear bumper of the Argo AV. [REDACTED, MAY CONTAIN CONFIDENTIAL BUSINESS INFORMATION]
""Other"" data availability: test vehicle data.",Y
502-4131,1,Ford Motor Company,0,0,0,1,0,10.0,2022.0,2022,11,1FMCU0DZ3LU,0,Ford,Escape,2020.0,44e401161509e26,1912.0,0,0,1,0,0,"[REDACTED, MAY CONTAIN CONFIDENTIAL BUSINESS INFORMATION]",0,1,,0,0,,0,0,,0,0,,0,0,0,,1,0,1,0,Argo AI,0,0,0,1,1,0,0,,2022,10,0,2022,10,13:14,0,f96aa95fcd96be5,Austin,0,TX ,0,0,0,1,0,0,1,0,0,0,1,0,0,0,30.0,0,0,0,0,1,0,0,1,0,0,0,0,0,0,0,,Passenger Car,0,0,1,0,0,1,Parked,0,0,0,1,0,0,0,0,0,0,0,0,0,Proceeding Straight,0,0,1,11.0,0,0,0,0,0,0,0,0,1,0,0,0,0,0,0,0,1,1,0,No,, ,Yes,, ,, ,, ,"[REDACTED, MAY CONTAIN CONFIDENTIAL BUSINESS INFORMATION]",Y,"As reported by Argo AI to Ford on October [XXX], 2022 (Report # 30290-4127-1), an Argo AI Autonomous Vehicle (""Argo AV"") was traveling [REDACTED, MAY CONTAIN CONFIDENTIAL BUSINESS INFORMATION]. The Test Specialist determined that they would like to pull the vehicle over and transitioned the Argo AV out of Autonomous mode and into Manual mode. While in Manual mode for 21 seconds, the Test Specialist made a right turn on [XXX], and, when passing a parked vehicle, the Argo AV contacted the driver-side mirror of the parked vehicle. [REDACTED, MAY CONTAIN CONFIDENTIAL BUSINESS INFORMATION]
""Other"" data availability: test vehicle data.",Y
1306-4235,1,Toyota Motor Engineering & Manufacturing,0,0,0,1,0,10.0,2022.0,2022,11,5TDYRKEC0MS,0,Toyota,Sienna,2021.0,1b8e1ba43ca8f0b,700.0,0,0,1,0,0,4,0,0,,0,0,,0,0,,0,0,,0,0,0,,1,0,1,0,May Mobility,0,1,0,1,0,0,0,,2022,9,0,2022,10,09:02,0,379fa369488a397,Sun City,0,AZ ,0,0,1,0,0,0,1,0,0,0,1,0,0,0,,1,0,0,0,1,0,0,1,0,0,0,0,0,0,0,,Passenger Car,0,0,1,0,0,0,Backing,0,0,0,0,0,1,0,0,0,0,0,0,0,Backing,0,0,0,0.0,0,0,0,0,0,0,1,0,0,0,0,0,0,0,1,0,1,0,0,No,, ,No,, ,, ,, ,Yes, ,"This report is being submitted because May Mobility notified Toyota on Oct. 4, 2022 of Monthly Report submission 30413-3943-1,related to an incident reported in September 2022. Toyota has no additional information on this incident beyond what was submitted in the aforementioned Monthly Report. Please refer to the report from May Mobility for details.",
30413-4170,1,May Mobility,1,0,0,0,0,,,2022,11,2T2JGMDA0LC,0,Lexus,RX450H,2020.0,cb6e38b363be262,25702.0,0,0,1,0,0,4,0,0,,0,0,,0,0,,0,0,,0,0,0,,1,0,0,1,May Mobility,0,0,0,1,0,0,0,,2022,11,0,2022,11,15:43,0,03ad388e6676c05,Ann Arbor,0,MI ,0,1,0,0,0,0,1,0,0,0,1,0,0,0,25.0,0,0,0,0,1,0,0,1,0,0,0,0,0,0,0,,Non-Motorist: Cyclist,0,0,1,0,0,0,NM Moving on Sidewalk,0,0,0,0,0,0,0,0,0,0,0,0,0,Entering Traffic,0,0,1,4.0,0,0,0,1,0,0,1,0,0,0,0,0,0,1,0,0,0,0,0,No,, ,No,, ,, ,, ,"No, see Narrative", ,"Operator was approaching stop sign at the intersection of [XXX] westbound and [XXX] northbound, which is a planned disengagement (this unprotected turn is outside of our ODD). If left in autonomy, the vehicle would have come to a full stop before the stop line and remained stopped until the operator took over. 6 seconds prior to incident, operator took the vehicle over manually before it could have stopped in autonomy. Operator moved the vehicle manually passed the stop line, colliding with a bicyclist's back tire. No injuries reported from the bicyclist or the operator and no damage to the vehicle or bicycle.",
30531-4108,2,Transdev Alternative Services,0,0,1,0,0,,,2022,11,1XPBD49X9ND,0,Peterbilt,579 Epiq,2022.0,ecbf8e4637f763d,151927.0,0,0,1,0,0,5th Generation ADS,0,0,,0,0,,0,0,,0,0,,0,0,0,,1,0,1,0,Waymo LLC,0,1,0,0,0,0,0,,2022,10,0,2022,10,13:35,0,17c618d238f493f,Tempe,0,AZ ,1,0,0,0,0,0,1,0,0,0,1,0,0,0,65.0,0,0,0,0,1,0,0,1,0,0,0,0,0,0,0,,Passenger Car,0,0,1,0,0,1,"Other, see Narrative",1,0,0,0,1,0,0,1,0,0,1,0,0,Proceeding Straight,0,1,1,59.0,0,0,0,0,0,0,0,1,1,0,0,0,0,0,1,0,1,1,0,Yes,AZ Highway Patrol Division, ,Yes,[MAY CONTAIN PERSONALLY IDENTIFIABLE INFORMATION], ,[MAY CONTAIN PERSONALLY IDENTIFIABLE INFORMATION], ,,Y,Yes, ,"The content of this report is unchanged from the initial report submitted on October [XXX], 2022 (30531-4108-1).
  
On October [XXX], 2022 at 1:35 PM PST a Waymo Autonomous Vehicle  (""Waymo AV"") Peterbilt Class 8 semi-truck and trailer, operating in Tempe, Arizona was in a collision involving a passenger vehicle on [XXX] near [XXX].
The Waymo AV was traveling in autonomous mode on southbound [XXX] and an SUV was traveling ahead of the Waymo AV in the right adjacent lane.  The SUV approached stopped traffic in its lane and struck a passenger vehicle.  The Waymo AV test driver then transitioned to manual mode.  The passenger vehicle that was struck by the SUV spun 90 degrees counterclockwise and was pushed partially into the Waymo AV's lane, making contact with the right side of the Waymo AV and trailer.  At the time of the impact, the Waymo AV's Level 4 ADS was not engaged and a test driver was operating the Waymo AV in manual mode.  The Waymo AV, trailer, and passenger vehicle sustained damage.
Transdev Alternative Services is reporting this crash under Request no. 1 of Standing General Order 2021-01 because an airbag deployed (in the passenger vehicle) and a vehicle involved was towed away.  Transdev may supplement or correct its reporting with additional information as it may become available.  This report is a duplicate of WaymoLLC-20221023-0 (rev.20221024203214).",
30270-4104,2,Waymo LLC,0,0,1,0,0,,,2022,11,1XPBD49X9ND,0,Peterbilt,579 Epiq,2022.0,ecbf8e4637f763d,151927.0,0,0,1,0,0,5th Generation ADS,0,0,,0,0,,0,0,,0,0,,0,0,0,,1,0,1,0,Waymo LLC,0,1,0,0,0,0,0,,2022,10,0,2022,10,13:35,0,17c618d238f493f,Tempe,0,AZ ,1,0,0,0,0,0,1,0,0,0,1,0,0,0,65.0,0,0,0,0,1,0,0,1,0,0,0,0,0,0,0,,Passenger Car,0,0,1,0,0,1,"Other, see Narrative",1,0,0,0,1,0,0,1,0,0,1,0,0,Proceeding Straight,0,1,1,59.0,0,0,0,0,0,0,0,1,1,0,0,0,0,0,1,0,1,1,0,Yes,AZ Highway Patrol Division, ,Yes,[MAY CONTAIN PERSONALLY IDENTIFIABLE INFORMATION], ,[MAY CONTAIN PERSONALLY IDENTIFIABLE INFORMATION], ,,Y,Yes, ,"The content of this report is unchanged from the initial report submitted on October [XXX], 2022 [REDACTED, MAY CONTAIN CONFIDENTIAL BUSINESS INFORMATION]. 
On October [XXX], 2022 at 1:35 PM PST a Waymo Autonomous Vehicle (""Waymo AV"") Peterbilt Class 8 semi-truck and trailer, operating in Tempe, Arizona was in a collision involving a passenger vehicle on [XXX] near [XXX].
The Waymo AV was traveling in autonomous mode on southbound [XXX] and an SUV was traveling ahead of the Waymo AV in the right adjacent lane. The SUV approached stopped traffic in its lane and struck a passenger vehicle. The Waymo AV test driver then transitioned to manual mode. The passenger vehicle that was struck by the SUV spun 90 degrees counterclockwise and was pushed partially into the Waymo AV's lane, making contact with the right side of the Waymo AV and trailer. At the time of the impact, the Waymo AV's Level 4 ADS was not engaged and a test driver was operating the Waymo AV in manual mode. The Waymo AV, trailer, and passenger vehicle sustained damage.
Waymo is reporting this crash under Request No. 1 of Standing General Order 2021-01 because an airbag deployed (in the passenger vehicle) and a vehicle involved was towed away. Waymo may supplement or correct its reporting with additional information as it may become available.",
30290-4128,1,Argo AI,0,0,0,1,0,10.0,2022.0,2022,10,1FMCU0DZ3LU,0,Ford,Escape,2020.0,44e401161509e26,2277.0,0,0,1,0,0,"[REDACTED, MAY CONTAIN CONFIDENTIAL BUSINESS INFORMATION]",0,1,,0,0,,0,0,,0,0,,0,0,0,,1,0,1,0,Argo AI,0,0,0,1,1,0,0,,2022,10,0,2022,10,08:00,0,04f2cedde6aabb4,Austin,0,TX ,0,0,0,1,0,0,1,0,0,0,1,0,0,0,25.0,0,0,0,0,1,0,0,1,0,0,0,0,0,0,0,,Passenger Car,0,0,1,0,0,1,Proceeding Straight,0,0,0,0,0,0,0,0,0,1,0,0,0,Making Right Turn,0,0,1,0.0,0,1,0,0,0,0,0,0,0,0,0,0,0,0,0,0,1,1,0,No,, ,Yes,, ,, ,, ,"[REDACTED, MAY CONTAIN CONFIDENTIAL BUSINESS INFORMATION]",Y,"An Argo AI Autonomous Vehicle (""Argo AV"") was impacted in the rear while traveling [REDACTED, MAY CONTAIN CONFIDENTIAL BUSINESS INFORMATION]. As the Argo AV was completing the turn, the vehicle directly behind the Argo AV continued straight, failed to provide sufficient clearance, and contacted the driver side corner of the rear bumper of the Argo AV. [REDACTED, MAY CONTAIN CONFIDENTIAL BUSINESS INFORMATION] 
""Other"" data availability: test vehicle data.",Y