Report ID,Report Version,Reporting Entity,Report_Type_1 Day Update,Report_Type_5 Day Update,Report_Type_10 Day Update,Report_Type_Monthly Report,"Report_Type_Updated, but no time indicated",Report Month,Report Year,Submission Year,Submission Month,VIN,VIN - Unknown,Make,Model,Model Year,Same Vehicle ID,Mileage,Mileage - Unknown,Driver / Operator Type_Consumer,Driver / Operator Type_In-Vehicle,Driver / Operator Type_Remote,Driver / Operator Type_None or Other,ADAS/ADS System Version,ADAS/ADS System Version - Unk,ADAS/ADS System Version CBI,ADAS/ADS Hardware Version,ADAS/ADS Hardware Version - Unk,ADAS/ADS Hardware Version CBI,ADAS/ADS Software Version,ADAS/ADS Software Version - Unk,ADAS/ADS Software Version CBI,Other Reporting Entities?,Other Reporting Entities? - Unk,Other Reporting Entities? - NA,Federal Regulatory Exemption?,Federal Reg. Exemption - Unk,Federal Reg. Exemption - No,State or Local Permit?,State or Local Permit,ADS Equipped?,Automation System Engaged_ADAS,Automation System Engaged_ADS,"Automation System Engaged_Unknown, see Narrative",Operating Entity,Source - Complaint/Claim,Source - Telematics,Source - Law Enforcement,Source - Field Report,Source - Testing,Source - Media,Source - Other,Source - Other Text,Incident Year,Incident Month,Incident Date - Unknown,Notice Received Year,Notice Received Month,Incident Time (24:00),Incident Time - Unknown,Same Incident ID,City,City - Unknown,State,Roadway Type_Highway / Freeway,Roadway Type_Intersection,Roadway Type_Parking Lot,Roadway Type_Street,Roadway Type_Traffic Circle,Roadway Type_Unknown,Roadway Surface_Dry,Roadway Surface_Snow / Slush / Ice,Roadway Surface_Unknown,Roadway Surface_Wet,Roadway Description_No Unusual Conditions,Roadway Description_Traffic Incident,Roadway Description_Work Zone,"Roadway Description_Other, Unknown or Missing",Posted Speed Limit (MPH),Posted Speed Limit - Unknown,Lighting_Dark - Lighted,Lighting_Dark - Not Lighted,Lighting_Dawn / Dusk,Lighting_Daylight,Lighting_Other or Unknown,Lighting_Dark - Unknown Lighting,Weather - Clear,Weather - Snow,Weather - Cloudy,Weather - Fog/Smoke,Weather - Rain,Weather - Severe Wind,Weather - Unknown,Weather - Other,Weather - Other Text,Crash With,Highest Injury Severity Alleged_Minor,Highest Injury Severity Alleged_Moderate,Highest Injury Severity Alleged_No Injuries Reported,Highest Injury Severity Alleged_Serious,Highest Injury Severity Alleged_Unknown,Property Damage?,CP Pre-Crash Movement,CP Any Air Bags Deployed?,CP Was Vehicle Towed?,CP Contact Area - Rear Left,CP Contact Area - Left,CP Contact Area - Front Left,CP Contact Area - Rear,CP Contact Area - Top,CP Contact Area - Front,CP Contact Area - Rear Right,CP Contact Area - Right,CP Contact Area - Front Right,CP Contact Area - Bottom,CP Contact Area - Unknown,SV Pre-Crash Movement,SV Any Air Bags Deployed?,SV Was Vehicle Towed?,SV Were All Passengers Belted?,SV Precrash Speed (MPH),SV Pre-crash Speed - Unknown,SV Contact Area - Rear Left,SV Contact Area - Left,SV Contact Area - Front Left,SV Contact Area - Rear,SV Contact Area - Top,SV Contact Area - Front,SV Contact Area - Rear Right,SV Contact Area - Right,SV Contact Area - Front Right,SV Contact Area - Bottom,SV Contact Area - Unknown,Data Availability - EDR,Data Availability - Police Rpt,Data Availability - Telematics,Data Availability - Complaints,Data Availability - Video,Data Availability - Other,Data Availability - Unknown,Law Enforcement Investigating?,Investigating Agency,Investigating Agency - Unknown,Rep Ent Or Mfr Investigating?,Investigating Officer Name,Inv. Officer Name - Unknown,Investigating Officer Phone,Inv. Officer Phone - Unknown,Investigating Officer Email,Inv. Officer Email - Unknown,Within ODD?,Within ODD? - CBI,Narrative,Narrative - CBI?
30290-4127,1,Argo AI,0,0,0,1,0,10.0,2022.0,2022,10,1FMCU0DZ3LU,0,Ford,Escape,2020.0,44e401161509e26,1912.0,0,0,1,0,0,"[REDACTED, MAY CONTAIN CONFIDENTIAL BUSINESS INFORMATION]",0,1,,0,0,,0,0,,0,0,,0,0,0,,1,0,1,0,Argo AI,0,0,0,1,1,0,0,,2022,10,0,2022,10,13:14,0,f96aa95fcd96be5,Austin,0,TX ,0,0,0,1,0,0,1,0,0,0,1,0,0,0,30.0,0,0,0,0,1,0,0,1,0,0,0,0,0,0,0,,Passenger Car,0,0,1,0,0,1,Parked,0,0,0,1,0,0,0,0,0,0,0,0,0,Proceeding Straight,0,0,1,11.0,0,0,0,0,0,0,0,0,1,0,0,0,0,0,0,0,1,1,0,No,, ,Yes,, ,, ,, ,"[REDACTED, MAY CONTAIN CONFIDENTIAL BUSINESS INFORMATION]",Y,"An Argo AI Autonomous Vehicle (""Argo AV"") was traveling [REDACTED, MAY CONTAIN CONFIDENTIAL BUSINESS INFORMATION]. The Test Specialist determined that they would like to pull the vehicle over and transitioned the Argo AV out of Autonomous mode and into Manual mode.  While in Manual mode for 21 seconds, the Test Specialist made a right turn on Crest Ave, and, when passing a parked vehicle, the Argo AV contacted the driver-side mirror of the parked vehicle. [REDACTED, MAY CONTAIN CONFIDENTIAL BUSINESS INFORMATION] 
""Other"" data availability: test vehicle data.",Y
1422-4087,2,"Volvo Car USA, LLC",0,0,1,0,0,,,2022,10,LPSED3KA9NL,0,Polestar,Polestar 2,2022.0,0c2f1d8b59e2117,9214.0,0,0,1,0,0,Pilot Assist,0,0,,0,0,,0,0,,0,0,,0,0,0,,1,1,0,0,Polestar,0,0,0,1,0,0,0,,2022,10,0,2022,10,08:23,0,49cddd631fa898b,,1,FL ,1,0,0,0,0,0,1,0,0,0,1,0,0,0,50.0,0,0,0,0,1,0,0,1,0,0,0,0,0,0,0,,Other Fixed Object,0,0,1,0,0,1,,0,0,0,0,0,0,0,0,0,0,0,0,0,Proceeding Straight,0,1,1,55.0,0,0,0,0,0,0,0,1,0,1,1,0,1,0,0,0,0,0,0,No,, ,Yes,, ,, ,, ,"Unknown, see Narrative", ,"The initial submission was by email and electronic form to SGO Mailbox on 10/18/2022 at 10:09PM.  This is a resubmission of data using the SGO portal with Volvo Cars USA, LLC account on behalf of Polestar Automotive USA. Volvo Cars USA, LLC is submitting this report on behalf of Polestar Automotive USA and Polestar Performance AB.  The vehicle was a company vehicle (owned by Polestar Automotive USA) driven by a company employee, with no known modifications to the factory hardware condition or software updates or changes not released to the public. Subject vehicle was traveling around a curve on the freeway interchange at approximately 55mph, recommended speed in that portion of exchange was 50mph.  Driver looked down and took attention off the road.  The vehicle continued slightly straight, running up and grazing off the concrete barrier, before coming back into the lane.  The vehicle's rear suspension, rear and front wheel/tire were damaged. Vehicle was towed from the scene. We have recovered data from the vehicle and are currently reviewing what information was stored for the incident and will update this report.
10 Day update: After review of the EDR data the technical team was able to determine the following: Pilot Assist was disengaged due to the lateral acceleration exceeded the system limit and the available steering torque system input exceeding the limit.  The vehicle could not steer enough to follow the lane. Several warnings were issued: visually in the DIM (Drivers Information Module, display), haptically in the steering wheel, before Pilot Assist was disengaged. The driver is always responsible for ensuring that the vehicle is driven in a safe manner. The driver failed to take control of the vehicle when the vehicles Pilot Assist gave the warnings.",
30531-4077,1,Transdev Alternative Services,0,0,0,1,0,9.0,2022.0,2022,10,1XPBD49X2ND,0,Peterbilt,579 Epiq,2022.0,5fdcce1b9f02689,139488.0,0,0,1,0,0,5th Generation ADS,0,0,,0,0,,0,0,,0,0,,0,0,0,,1,0,1,0,Waymo LLC,0,1,0,0,0,0,0,,2022,9,0,2022,9,04:03,0,eaaa32d19d1c43f,Huntsville,0,TX ,1,0,0,0,0,0,1,0,0,0,1,0,0,0,75.0,0,0,1,0,0,0,0,1,0,0,0,0,0,0,0,,"Other, see Narrative",0,0,1,0,0,1,"Other, see Narrative",0,0,0,0,0,0,0,0,0,0,0,0,1,Proceeding Straight,0,0,1,35.0,0,0,0,0,0,0,0,1,0,0,0,0,0,0,1,0,1,0,0,No,, ,Yes,, ,, ,, ,Yes, ,"On September [XXX], 2022 at 4:03 AM PST a Waymo Autonomous Vehicle (""Waymo AV"") Peterbilt Class 8 semi-truck and trailer, operating in Huntsville, Texas was in a collision involving a loose tire on southbound [XXX] near the [XXX].  
The Waymo AV was in autonomous mode and in the rightmost lane approaching a slow-moving pickup truk traveling behind a slow-moving box truck, when the Waymo AV test driver transitioned to manual mode.  The Waymo AV test driver then made a left lane change to pass the two vehicles.  As the Waymo AV passed the pick-up truck and box truck, a loose wheel (including attached tire) appearted from behind the box truck rolling toward the Waymo AV's lane.  The wheel/tire made contact with the passenger right side rear corner of the Waymo AV's trailer.  At the time of the impact, the Waymo AV's Level 4 ADS was not engaged and a test driver was operating the Waymo AV in manual mode.  The Waymo AV's trailer sustained damage.
Transdev Alternative Services is reporting this crash under Request No. 2 of Standing General Order 2021-01.  Transdev may supplement or correct its reporting with additional information as it may become available.  This is a duplicate of WaymoLLC-20220906-0 (rev.20221017215656).",
30270-4074,1,Waymo LLC,0,0,0,1,0,9.0,2022.0,2022,10,1XPBD49X2ND,0,Peterbilt,579 Epiq,2022.0,5fdcce1b9f02689,139488.0,0,0,1,0,0,5th Generation ADS,0,0,,0,0,,0,0,,0,0,,0,0,0,,1,0,1,0,Waymo LLC,0,1,0,0,0,0,0,,2022,9,0,2022,9,04:03,0,eaaa32d19d1c43f,Huntsville,0,TX ,1,0,0,0,0,0,1,0,0,0,1,0,0,0,75.0,0,0,1,0,0,0,0,1,0,0,0,0,0,0,0,,"Other, see Narrative",0,0,1,0,0,1,"Other, see Narrative",0,0,0,0,0,0,0,0,0,0,0,0,1,Proceeding Straight,0,0,1,35.0,0,0,0,0,0,0,0,1,0,0,0,0,0,0,1,0,1,1,0,No,, ,Yes,, ,, ,, ,Yes, ,"On September [XXX], 2022 at 4:03 AM PST a Waymo Autonomous Vehicle (Waymo AV) Peterbilt Class 8 semi-truck and trailer, operating in Hunstville, Texas was in a collision involving a loose tire on southbound [XXX] near the [XXX].
The Waymo AV was in autonomous mode and in the rightmost lane approaching a slow-moving pickup truck traveling behind a slow-moving box truck, when the Waymo AV test driver transitioned to manual mode. The Waymo AV test driver then made a left lane change to pass the two vehicles. As the Waymo AV passed the pick-up truck and box truck, a loose wheel (including attached tire) appeared from behind the box truck rolling toward the Waymo AVs lane. The wheel/tire made contact with the passenger right side rear corner of the Waymo AVs trailer. At the time of the impact, the Waymo AVs Level 4 ADS was not engaged and a test driver was operating the Waymo AV in manual mode. The Waymo AVs trailer sustained damage.
Waymo is reporting this crash under Request No. 2 of Standing General Order 2021-01. Waymo may supplement or correct its reporting with additional information as it may become available.",
502-4026,1,Ford Motor Company,0,0,0,1,0,9.0,2022.0,2022,10,1FMCU0DZ8LU,0,Ford,Escape,2020.0,27e565631721655,2902.0,0,0,1,0,0,"[REDACTED, MAY CONTAIN CONFIDENTIAL BUSINESS INFORMATION]",0,1,,0,0,,0,0,,0,0,,0,0,0,,1,0,1,0,Argo AI,0,0,0,1,1,0,0,,2022,9,0,2022,9,10:23,0,19bef0b9be25744,Miami,0,FL ,0,0,0,1,0,0,1,0,0,0,1,0,0,0,25.0,0,0,0,0,1,0,0,1,0,0,0,0,0,0,0,,Heavy Truck,0,0,1,0,0,1,Proceeding Straight,0,0,0,0,1,0,0,0,0,0,0,0,0,Stopped,0,0,1,0.0,0,0,0,1,0,0,0,0,0,0,0,0,0,0,0,0,1,1,0,Yes,Miami Police Department, ,Yes,,Y,,Y,,Y,"[REDACTED, MAY CONTAIN CONFIDENTIAL BUSINESS INFORMATION]",Y,"As reported by Argo AI to Ford on October 14, 2022 (Report # 30290-3985-1), an Argo AI Autonomous Vehicle (""Argo AV"") was impacted on the driver side front bumper sensor pod while traveling [REDACTED, MAY CONTAIN CONFIDENTIAL BUSINESS INFORMATION]. The Argo AV came to a complete stop when it identified a semi-trailer truck (""the Actor"") attempting to turn right onto [REDACTED, MAY CONTAIN CONFIDENTIAL BUSINESS INFORMATION] while exiting a parking lot. The Actor completed their turn onto [REDACTED, MAY CONTAIN CONFIDENTIAL BUSINESS INFORMATION] and attempted to slowly maneuver between the stationary AV (eastbound) and a parked semi-trailer truck (westbound). The Actor's driver-side wheel contacted the corner of the front bumper sensor pod. The actor did not stop and left the scene. [REDACTED, MAY CONTAIN CONFIDENTIAL BUSINESS INFORMATION]
""Other"" data availability: test vehicle data.",Y
1306-4010,1,Toyota Motor Engineering & Manufacturing,0,0,0,1,0,9.0,2022.0,2022,10,2T2JGMDA6LC,0,Lexus,RX450H,2020.0,2d0f63a50d3fd79,19352.0,0,0,1,0,0,4,0,0,,0,0,,0,0,,0,0,,0,0,0,,1,0,1,0,May Mobility,0,0,0,1,0,0,0,,2022,8,0,2022,9,16:15,0,7fb8af01e45e543,Arlington,0,TX ,0,1,0,0,0,0,1,0,0,0,0,0,1,0,25.0,0,0,0,0,1,0,0,1,0,0,0,0,0,0,0,,Pickup Truck,0,0,1,0,0,1,Proceeding Straight,0,0,0,0,0,0,0,1,0,0,0,0,0,Stopped,0,0,1,10.0,0,0,0,0,1,0,0,0,0,0,0,0,0,0,1,0,1,1,0,No,, ,No,, ,, ,, ,Yes, ,"This report is being submitted because May Mobility notified Toyota on Sept. 8, 2022 of Monthly Report submission 1306-3355-1,related to an incident reported in July 2022. Toyota has no additional information on this incident beyond what was submitted in the aforementioned Monthly Report. Please refer to the report from May Mobility for details.",
30290-3985,1,Argo AI,0,0,0,1,0,9.0,2022.0,2022,10,1FMCU0DZ8LU,0,Ford,Escape,2020.0,27e565631721655,2902.0,0,0,1,0,0,"[REDACTED, MAY CONTAIN CONFIDENTIAL BUSINESS INFORMATION]",0,1,,0,0,,0,0,,0,0,,0,0,0,,1,0,1,0,Argo AI,0,0,0,1,1,0,0,,2022,9,0,2022,9,10:23,0,19bef0b9be25744,Miami,0,FL ,0,0,0,1,0,0,1,0,0,0,1,0,0,0,25.0,0,0,0,0,1,0,0,1,0,0,0,0,0,0,0,,Heavy Truck,0,0,1,0,0,1,Proceeding Straight,0,0,0,0,1,0,0,0,0,0,0,0,0,Stopped,0,0,1,0.0,0,0,0,1,0,0,0,0,0,0,0,0,0,0,0,0,1,1,0,Yes,Miami Police Department, ,Yes,,Y,,Y,,Y,"[REDACTED, MAY CONTAIN CONFIDENTIAL BUSINESS INFORMATION]",Y,"An Argo AI Autonomous Vehicle (""Argo AV"") was impacted on the driver side front bumper sensor pod while traveling [REDACTED, MAY CONTAIN CONFIDENTIAL BUSINESS INFORMATION]. The Argo AV came to a complete stop when it identified a semi-trailer truck (""the Actor"") attempting to turn right onto [REDACTED, MAY CONTAIN CONFIDENTIAL BUSINESS INFORMATION] while exiting a parking lot. The Actor completed their turn onto [REDACTED, MAY CONTAIN CONFIDENTIAL BUSINESS INFORMATION] and attempted to slowly maneuver between the stationary AV (eastbound) and a parked semi-trailer truck (westbound). The Actor's driver-side wheel contacted the corner of the front bumper sensor pod. The actor did not stop and left the scene. [REDACTED, MAY CONTAIN CONFIDENTIAL BUSINESS INFORMATION] 
""Other"" data availability: test vehicle data.",Y
30413-3943,1,May Mobility,0,0,0,1,0,9.0,2022.0,2022,10,5TDYRKEC0MS,0,Toyota,Sienna,2021.0,1b8e1ba43ca8f0b,700.0,0,0,1,1,0,4,0,0,,0,0,,0,0,,0,0,,0,0,0,,1,0,1,0,May Mobility,0,1,0,1,0,0,0,,2022,9,0,2022,9,09:02,0,379fa369488a397,Sun City,0,AZ ,0,0,1,0,0,0,1,0,0,0,1,0,0,0,,1,0,0,0,1,0,0,1,0,0,0,0,0,0,0,,Passenger Car,0,0,1,0,0,0,Backing,0,0,0,0,0,1,0,0,0,0,0,0,0,Backing,0,0,0,0.0,0,0,0,0,0,0,1,0,0,0,0,0,0,0,1,0,1,0,0,No,, ,No,, ,, ,, ,Yes, ,"The May Mobility vehicle was traveling in autonomy through a parking lot and comes to a stop due to a vehicle backing up. Vehicle begins to reverse further so the operator in the May Mobility vehicle takes over and manually reverses. The other vehicle continues backing up and does not stop, contacting the front of the May Mobility vehicle. Other vehicle then proceeds to drive away.",
30531-3809,2,Transdev Alternative Services,0,0,1,0,0,,,2022,9,SADHW2S17M1,0,Jaguar,I-Pace,2021.0,2e36ef5640679ec,29977.0,0,0,1,0,0,5th Generation ADS,0,0,,0,0,,0,0,,0,0,,0,0,0,,1,0,1,0,Waymo LLC,0,1,0,0,0,0,0,,2022,9,0,2022,9,13:13,0,5ecd17ff9881950,Phoenix,0,AZ ,0,1,0,0,0,0,1,0,0,0,1,0,0,0,35.0,0,0,0,0,1,0,0,1,0,0,0,0,0,0,0,,Passenger Car,0,0,0,0,1,1,Proceeding Straight,0,0,1,0,1,1,0,1,1,0,1,0,0,Stopped,0,1,1,0.0,0,0,0,0,0,0,0,1,0,0,0,0,0,0,1,0,1,1,0,Unknown,,Y,Yes,,Y,,Y,,Y,Yes, ,"Other than updating the ADS Version to the correct Waymo ADS generation, and correcting the ""Were All Passengers Belted?"" and ""Property Damage?"" fields, the content of this report is unchanged from the initial report.
On September [XXX], 2022 at 1:13 PM PST a Waymo Autonomous Vehicle ( Waymo AV ) operating in Phoenix, Arizona was in a collision involving two passenger cars on [XXX] at [XXX].
The Waymo AV was stopped in traffic at a red light facing West on [XXX]. The passenger car immediately behind the Waymo AV slowed and came to a near stop when a second passenger car approaching from behind made contact with the rear of the first passenger car, causing that car to make contact with the rear of the Waymo AV.
At the time of the impact, the Waymo AV's Level 4 ADS was engaged in autonomous mode, and a test driver was present (in the driver's seating position). All three vehicles sustained damage.
Transdev Alternative Services is reporting this crash under Request No. 1 of Standing General Order 2021-01 because a vehicle involved was towed away, because of airbag deployment, and because an occupant in one of the passenger vehicles was transported for medical attention.  Transdev may supplement or correct its reporting with additional information as it may become available.  This report is a duplicate of report ID 30270-3786-1.",
30270-3786,2,Waymo LLC,0,0,1,0,0,,,2022,9,SADHW2S17M1,0,Jaguar,I-Pace,2021.0,2e36ef5640679ec,29977.0,0,0,1,0,0,5th Generation ADS,0,0,,0,0,,0,0,,0,0,,0,0,0,,1,0,1,0,Waymo LLC,0,1,0,0,0,0,0,,2022,9,0,2022,9,13:13,0,5ecd17ff9881950,Phoenix,0,AZ ,0,1,0,0,0,0,1,0,0,0,1,0,0,0,35.0,0,0,0,0,1,0,0,1,0,0,0,0,0,0,0,,Passenger Car,0,0,0,0,1,1,Proceeding Straight,0,0,1,0,1,1,0,1,1,0,1,0,0,Stopped,0,1,1,0.0,0,0,0,0,0,0,0,1,0,0,0,0,0,0,1,0,1,1,0,Unknown,,Y,Yes,,Y,,Y,,Y,Yes, ,"Other than updating the ADS Version to the correct Waymo ADS generation, and correcting the Were All Passengers Belted? and Property Damage? fields, the content of this report is unchanged from the initial report submitted on September [XXX], 2022 [REDACTED, MAY CONTAIN CONFIDENTIAL BUSINESS INFORMATION]. 
On September [XXX], 2022 at 1:13 PM PST a Waymo Autonomous Vehicle (Waymo AV) operating in Phoenix, Arizona was in a collision involving two passenger cars on [XXX] at [XXX].
The Waymo AV was stopped in traffic at a red light facing West on [XXX]. The passenger car immediately behind the Waymo AV slowed and came to a near stop when a second passenger car approaching from behind made contact with the rear of the first passenger car, causing that car to make contact with the rear of the Waymo AV.
At the time of the impact, the Waymo AVs Level 4 ADS was engaged in autonomous mode, and a test driver was present (in the drivers seating position). All three vehicles sustained damage.
Waymo is reporting this crash under Request No. 1 of Standing General Order 2021-01 because a vehicle involved was towed away, because of airbag deployment, and because an occupant in one of the passenger vehicles was transported for medical attention. Waymo may supplement or correct its reporting with additional information as it may become available.",
30414-3903,1,Easymile Inc.,0,0,0,1,0,8.0,2022.0,2022,9,VJRD1A10230,0,Ligier,EZ10 Gen 3,2019.0,da2b2192cb706f3,5357.0,0,0,1,0,0,Voyager 11 (21.02.4),0,0,,0,0,,0,0,,0,0,,0,0,0,,1,0,1,0,"First Transit, Inc.",0,0,1,0,1,0,1,Operator Report,2022,8,0,2022,8,16:23,0,1ddae575afe5d5a,Rochester,0,MN ,0,1,0,0,0,0,1,0,0,0,1,0,0,0,25.0,0,0,0,0,1,0,0,1,0,0,0,0,0,0,0,,SUV,0,0,1,0,0,1,Passing,0,0,0,0,0,0,0,0,0,0,1,0,0,Proceeding Straight,0,0,1,0.0,0,1,0,0,0,0,0,0,0,0,0,0,0,1,0,0,1,1,0,Yes,Rochester Police Department, ,Yes,[MAY CONTAIN PERSONALLY IDENTIFIABLE INFORMATION], ,,Y,,Y,Yes, ,"Prior to the crash, on August [XXX], 2022 autonomous shuttle (MNCAV2, V005) for the Med City Mover was travelling southbound on
 [XXX]. in autonomous ADS mode. The vehicle was functioning normally prior to the event in autonomous mode. At 16:23 CT,
the shuttle entered the intersection of [XXX] and [XXX]. The shuttle experienced an unknown e-stop. The vehicle behind
the shuttle was following closely and attempting to pass the shuttle at this time and hit the rear left corner of the shuttle. No injuries
reported to the two passengers on-board the shuttle or the operator or other vehicles two passengers. Seatbelts were used by the
shuttle passengers at the time of the incident. 911 was called and the Minnesota Department of Public Safety was dispatched to file a
report.
Details of the event can be provided in video format, a police report and an operator summary. The GPX coordinates above are
approximate at the time of the e-stop.
The shuttle had experienced an unknown e-stop at 15:59 CT on [XXX] (no passengers).",
30531-3883,1,Transdev Alternative Services,0,0,0,1,0,8.0,2022.0,2022,9,SADHW2S11M1,0,Jaguar,I-Pace,2021.0,03a8719f5e6a313,44439.0,0,0,1,0,0,5th Generation ADS,0,0,,0,0,,0,0,,0,0,,0,0,0,,1,0,1,0,Waymo LLC,0,1,0,0,0,0,0,,2022,8,0,2022,8,00:06,0,46e037718707dda,Tempe,0,AZ ,0,0,0,1,0,0,1,0,0,0,1,0,0,0,30.0,0,1,0,0,0,0,0,0,0,0,0,0,0,1,0,,Passenger Car,0,0,1,0,0,1,Stopped,0,0,0,1,0,0,0,0,0,0,0,0,0,Proceeding Straight,0,0,1,10.0,0,0,0,0,0,0,0,1,0,0,0,0,0,0,1,0,1,1,0,No,, ,Yes,, ,, ,, ,Yes, ,"On August [XXX], 2022 at 12:06 AM PST a Waymo Autonomous Vehicle (""Waymo AV"") operating in Tempe, Arizona was in a collision involving a passenger vehicle near [XXX].
The Waymo AV was traveling eastbound on [XXX] when it approached a passenger vehicle stopped along the right shoulder in the bike lane.  As the Waymo AV passed the passenger vehicle, one of the passenger vehicle's driver side doors opened and made contact with the Waymo AV.  At the time of the impact, the Waymo AV's Level 4 ADS was engaged in autonomous mode, and a test driver was present (in the driver's seating position).  Both vehicles sustained damage.
Transdev Alternative Services is reporting this crash under Request No. 2 of Standing General Order 2021-01.  Transdev may supplement or correct its reporting with additional information as it may become available.  This report is a duplicate of WaymoLLC-202208[XXX]-0 (rev.202209[XXX]205246).",
30531-3882,1,Transdev Alternative Services,0,0,0,1,0,8.0,2022.0,2022,9,1XPBD49XXMD,0,Peterbilt,579 Epiq,2021.0,3c9d14cc7392a38,194446.0,0,0,1,0,0,5th Generation ADS,0,0,,0,0,,0,0,,0,0,,0,0,0,,1,0,1,0,Waymo LLC,0,0,0,0,0,0,1,Driver Report,2022,8,0,2022,8,18:33,0,a2d260068d10cc9,Ennis,0,TX ,1,0,0,0,0,0,1,0,0,0,1,0,0,0,65.0,0,0,0,1,0,0,0,0,0,1,0,0,0,0,0,,Heavy Truck,0,0,1,0,0,1,Changing Lanes,0,0,0,0,0,0,0,0,1,0,0,0,0,Proceeding Straight,0,0,1,61.0,0,0,0,1,0,0,0,0,0,0,0,0,0,0,1,0,1,1,0,No,, ,Yes,, ,, ,, ,Yes, ,"On August [XXX], 2022 at 6:33 PM PST a Waymo Autonomous Vehicle (""Waymo AV"") Peterbilt Class 8 semi-truck and trailer, operating in Ennis, Texas was in a collision involving a Class 8 semi-truck and trailer on northbound [XXX] near [XXX].
The Waymo AV was traveling in autonomous mode in the middle lane on [XXX] when a Class 8 semi-truck and trailer began to pass it in the adjacent left lane.  Before the adjacent Class 8 semi-truck and trailer had fully passed the Waymo AV, it began to execute a right lane change and its trailer (the right side, rear section) entered the lane in which the Waymo AV was traveling and made contact with the driver side of the Waymo AV cab.  The Waymo AV transitioned to manual mode and the test driver took control.  At the time of the impact, the Waymo AV's ADS was engaged in autonomous mode, and a test driver was present (in the driver's seating position).  The Waymo AV sustained damage and the third-party Class 8 semi-truck and trailer did not stop to exchange information.
Transdev Alternative Services is reporting this crash under Request No. 2 of Standing General Order 2021-01.  Transdev may supplement or correct its reporting with additional information as it may become available.  This report is a duplicate of WaymoLLC-202208[XXX]-0 (rev. 2022019[XXX]185808)",
988-3684,2,PACCAR Incorporated,0,0,0,0,1,8.0,2022.0,2022,9,1XKYD49X7NJ,0,Kenworth,T680,2022.0,f8d0946bbb70e83,10766.0,0,0,1,0,0,,1,0,,0,0,,0,0,,0,0,,0,0,0,,1,0,1,0,"Kodiak Robotics, Inc.",0,0,0,0,1,0,0,,2022,8,0,2022,8,18:00,0,2ef7294be596ddb,Palmer,0,TX ,1,0,0,0,0,0,1,0,0,0,1,0,0,0,75.0,0,0,0,0,1,0,0,1,0,0,0,0,0,0,0,,Pickup Truck,0,0,1,0,0,1,Proceeding Straight,0,0,0,0,0,0,0,1,0,0,0,0,0,Proceeding Straight,0,0,1,15.0,0,0,0,0,1,0,0,0,0,0,0,0,0,1,1,0,1,1,0,No,, ,Yes,, ,, ,, ,Yes, ,"Monthly Report Update: A police report was issued after the original SGO incident reports were submitted and described the cause of the collision as the pick-up truck's failure to control its speed before rear-ending the Kodiak AV. The content of this report is otherwise
unchanged from the initial incident report submitted on August [XXX], 2022.
On August [XXX], 2022, Kodiak Robotics, Inc. (""Kodiak"") filed an Incident Report (the ""Report"") under the Standing General Order 2021-01 (the ""Order""). PACCAR, Inc. (Paccar) manufactured the Kodiak-operated motor vehicle involved in the incident summarized in the Incident Report. Because Paccar is also a Reporting Entity under the Order, Paccar is submitting a duplicate of the redacted public copy of the Report. Paccar has selected ""Unknown"" in the ""ADS version"" field solely to avoid the second submission of nonpublic Kodiak CBI. Paccar is in possession of Kodiak's response to this field and incorporates Kodiak's response into this submission by reference. Paccar's submission is based on facts supplied to Paccar by Kodiak. Paccar has not investigated the alleged incident and has no independent knowledge of the facts in the Report.",