Report ID,Report Version,Reporting Entity,Report_Type_1 Day Update,Report_Type_5 Day Update,Report_Type_10 Day Update,Report_Type_Monthly Report,"Report_Type_Updated, but no time indicated",Report Month,Report Year,Submission Year,Submission Month,VIN,VIN - Unknown,Make,Model,Model Year,Same Vehicle ID,Mileage,Mileage - Unknown,Driver / Operator Type_Consumer,Driver / Operator Type_In-Vehicle,Driver / Operator Type_Remote,Driver / Operator Type_None or Other,ADAS/ADS System Version,ADAS/ADS System Version - Unk,ADAS/ADS System Version CBI,ADAS/ADS Hardware Version,ADAS/ADS Hardware Version - Unk,ADAS/ADS Hardware Version CBI,ADAS/ADS Software Version,ADAS/ADS Software Version - Unk,ADAS/ADS Software Version CBI,Other Reporting Entities?,Other Reporting Entities? - Unk,Other Reporting Entities? - NA,Federal Regulatory Exemption?,Federal Reg. Exemption - Unk,Federal Reg. Exemption - No,State or Local Permit?,State or Local Permit,ADS Equipped?,Automation System Engaged_ADAS,Automation System Engaged_ADS,"Automation System Engaged_Unknown, see Narrative",Operating Entity,Source - Complaint/Claim,Source - Telematics,Source - Law Enforcement,Source - Field Report,Source - Testing,Source - Media,Source - Other,Source - Other Text,Incident Year,Incident Month,Incident Date - Unknown,Notice Received Year,Notice Received Month,Incident Time (24:00),Incident Time - Unknown,Same Incident ID,City,City - Unknown,State,Roadway Type_Highway / Freeway,Roadway Type_Intersection,Roadway Type_Parking Lot,Roadway Type_Street,Roadway Type_Traffic Circle,Roadway Type_Unknown,Roadway Surface_Dry,Roadway Surface_Snow / Slush / Ice,Roadway Surface_Unknown,Roadway Surface_Wet,Roadway Description_No Unusual Conditions,Roadway Description_Traffic Incident,Roadway Description_Work Zone,"Roadway Description_Other, Unknown or Missing",Posted Speed Limit (MPH),Posted Speed Limit - Unknown,Lighting_Dark - Lighted,Lighting_Dark - Not Lighted,Lighting_Dawn / Dusk,Lighting_Daylight,Lighting_Other or Unknown,Lighting_Dark - Unknown Lighting,Weather - Clear,Weather - Snow,Weather - Cloudy,Weather - Fog/Smoke,Weather - Rain,Weather - Severe Wind,Weather - Unknown,Weather - Other,Weather - Other Text,Crash With,Highest Injury Severity Alleged_Minor,Highest Injury Severity Alleged_Moderate,Highest Injury Severity Alleged_No Injuries Reported,Highest Injury Severity Alleged_Serious,Highest Injury Severity Alleged_Unknown,Property Damage?,CP Pre-Crash Movement,CP Any Air Bags Deployed?,CP Was Vehicle Towed?,CP Contact Area - Rear Left,CP Contact Area - Left,CP Contact Area - Front Left,CP Contact Area - Rear,CP Contact Area - Top,CP Contact Area - Front,CP Contact Area - Rear Right,CP Contact Area - Right,CP Contact Area - Front Right,CP Contact Area - Bottom,CP Contact Area - Unknown,SV Pre-Crash Movement,SV Any Air Bags Deployed?,SV Was Vehicle Towed?,SV Were All Passengers Belted?,SV Precrash Speed (MPH),SV Pre-crash Speed - Unknown,SV Contact Area - Rear Left,SV Contact Area - Left,SV Contact Area - Front Left,SV Contact Area - Rear,SV Contact Area - Top,SV Contact Area - Front,SV Contact Area - Rear Right,SV Contact Area - Right,SV Contact Area - Front Right,SV Contact Area - Bottom,SV Contact Area - Unknown,Data Availability - EDR,Data Availability - Police Rpt,Data Availability - Telematics,Data Availability - Complaints,Data Availability - Video,Data Availability - Other,Data Availability - Unknown,Law Enforcement Investigating?,Investigating Agency,Investigating Agency - Unknown,Rep Ent Or Mfr Investigating?,Investigating Officer Name,Inv. Officer Name - Unknown,Investigating Officer Phone,Inv. Officer Phone - Unknown,Investigating Officer Email,Inv. Officer Email - Unknown,Within ODD?,Within ODD? - CBI,Narrative,Narrative - CBI?
30290-3347,1,Argo AI,0,0,0,1,0,6.0,2022.0,2022,7,1FMCU0DZ2LU,0,Ford,Escape,2020.0,6e5207a28036baf,1949.0,0,0,1,0,0,"[REDACTED, MAY CONTAIN CONFIDENTIAL BUSINESS INFORMATION]",0,1,,0,0,,0,0,,0,0,,0,0,0,,1,0,1,0,Argo AI,0,0,0,1,1,0,0,,2022,6,0,2022,6,13:30,0,80fa8ac15954395,Pittsburgh,0,PA ,0,1,0,0,0,0,1,0,0,0,1,0,0,0,25.0,0,0,0,0,1,0,0,1,0,0,0,0,0,0,0,,SUV,0,0,1,0,0,1,Backing,0,0,0,0,0,1,0,0,0,0,0,0,0,Stopped,0,0,1,0.0,0,0,0,0,0,0,1,0,0,0,0,0,0,0,0,0,1,1,0,No,, ,Yes,, ,, ,, ,"[REDACTED, MAY CONTAIN CONFIDENTIAL BUSINESS INFORMATION]",Y,"An Argo AI Autonomous Vehicle (""Argo AV"") was impacted in the front while traveling east on [REDACTED, MAY CONTAIN CONFIDENTIAL BUSINESS INFORMATION]. The Argo AV came to a complete stop at the red traffic light. While the traffic light remained red, the vehicle directly in front of the Argo AV, stopped for the same traffic light, rolled backwards (no reverse lights were illuminated), failed to stop, and contacted the Argo's front bumper, then fled the scene when the traffic light turned green. The safety driver disengaged the ADS and honked the horn multiple times prior to the impact. [REDACTED, MAY CONTAIN CONFIDENTIAL BUSINESS INFORMATION] 
""Other"" data availability: test vehicle data.",Y
30290-3346,1,Argo AI,0,0,0,1,0,6.0,2022.0,2022,7,1FMCU0DZ9LU,0,Ford,Escape,2020.0,d9867f090c65889,2034.0,0,0,1,0,0,"[REDACTED, MAY CONTAIN CONFIDENTIAL BUSINESS INFORMATION]",0,1,,0,0,,0,0,,0,0,,0,0,0,,1,0,1,0,Argo AI,0,0,0,1,1,0,0,,2022,6,0,2022,6,14:48,0,e4608ed0f7e2519,Miami,0,FL ,0,0,0,1,0,0,0,0,0,1,1,0,0,0,30.0,0,0,0,0,1,0,0,0,0,0,0,1,0,0,0,,Passenger Car,0,0,1,0,0,1,Making Right Turn,0,0,0,0,0,0,0,1,0,0,0,0,0,Making Right Turn,0,0,1,1.0,0,0,0,0,1,0,0,0,0,0,0,0,0,0,0,0,1,1,0,Yes,Miami Police Department, ,Yes,,Y,,Y,,Y,"[REDACTED, MAY CONTAIN CONFIDENTIAL BUSINESS INFORMATION]",Y,"An Argo AI Autonomous Vehicle (""Argo AV"") was impacted in the rear while traveling north on [REDACTED, MAY CONTAIN CONFIDENTIAL BUSINESS INFORMATION]. The Argo AV came to a complete stop at the red traffic light. While the traffic light remained red (turns on red are permitted at this intersection), the Argo AV pulled forward to view cross traffic. The vehicle directly behind the Argo AV failed to fully stop and contacted the Argo AV's rear bumper. [REDACTED, MAY CONTAIN CONFIDENTIAL BUSINESS INFORMATION] 
""Other"" data availability: test vehicle data.",Y
502-18,2,Ford Motor Company,0,0,1,0,0,,,2022,7,3FA6P0MU3KR,0,Ford,Fusion,2019.0,2ad07e63259f51d,10722.0,0,0,1,0,0,"[REDACTED, MAY CONTAIN CONFIDENTIAL BUSINESS INFORMATION]",0,1,,0,0,,0,0,,0,0,,0,0,0,,1,0,1,0,Argo AI,0,0,0,1,1,0,0,,2021,7,0,2021,7,09:26,0,f700288ccb3ad35,Washington DC,0,DC ,0,0,0,1,0,0,1,0,0,0,1,0,0,0,25.0,0,0,0,0,1,0,0,1,0,0,0,0,0,0,0,,Pickup Truck,1,0,0,0,0,1,Proceeding Straight,0,0,0,0,0,0,0,1,0,0,0,0,0,Stopped,0,1,1,0.0,0,0,0,0,1,0,0,0,0,0,0,0,0,1,0,0,1,1,0,Yes,Washington DC Metropolitan Police Department, ,Yes,[MAY CONTAIN PERSONALLY IDENTIFIABLE INFORMATION], ,[MAY CONTAIN PERSONALLY IDENTIFIABLE INFORMATION], ,[MAY CONTAIN PERSONALLY IDENTIFIABLE INFORMATION], ,"[REDACTED, MAY CONTAIN CONFIDENTIAL BUSINESS INFORMATION]",Y,"[REDACTED, MAY CONTAIN CONFIDENTIAL BUSINESS INFORMATION]",Y
502-3140,2,Ford Motor Company,0,0,1,0,0,,,2022,6,1FMCU0DZ1LU,0,Ford,Escape,2020.0,5135f43efb33b58,1635.0,0,0,1,0,0,"[REDACTED, MAY CONTAIN CONFIDENTIAL BUSINESS INFORMATION]",0,1,,0,0,,0,0,,0,0,,0,0,0,,1,0,1,0,Argo AI,0,0,0,1,1,0,0,,2022,6,0,2022,6,16:35,0,38c8a93b3f13949,Austin,0,TX ,0,0,0,1,0,0,1,0,0,0,1,0,0,0,30.0,0,0,0,0,1,0,0,1,0,0,0,0,0,0,0,,Non-Motorist: Cyclist,0,0,1,0,0,1,Proceeding Straight,0,0,0,0,0,0,0,0,0,0,0,0,0,Stopped,0,0,1,0.0,0,1,0,0,0,0,0,0,0,0,0,0,0,0,0,0,1,1,0,No,, ,Yes,, ,, ,, ,"[REDACTED, MAY CONTAIN CONFIDENTIAL BUSINESS INFORMATION]",Y,"2022-06-[XXX] - Submission of 10-Day Update reported by Argo AI to Ford (Report # 30290-3135-2): Argo AI has not received notice of any material new or materially different information about this incident.
[REDACTED, MAY CONTAIN CONFIDENTIAL BUSINESS INFORMATION]",Y
30290-3135,2,Argo AI,0,0,1,0,0,,,2022,6,1FMCU0DZ1LU,0,Ford,Escape,2020.0,5135f43efb33b58,1635.0,0,0,1,0,0,"[REDACTED, MAY CONTAIN CONFIDENTIAL BUSINESS INFORMATION]",0,1,,0,0,,0,0,,0,0,,0,0,0,,1,0,1,0,Argo AI,0,0,0,1,1,0,0,,2022,6,0,2022,6,16:35,0,38c8a93b3f13949,Austin,0,TX ,0,0,0,1,0,0,1,0,0,0,1,0,0,0,30.0,0,0,0,0,1,0,0,1,0,0,0,0,0,0,0,,Non-Motorist: Cyclist,0,0,1,0,0,1,Proceeding Straight,0,0,0,0,0,0,0,0,0,0,0,0,0,Stopped,0,0,1,0.0,0,1,0,0,0,0,0,0,0,0,0,0,0,0,0,0,1,1,0,No,, ,Yes,, ,, ,, ,"[REDACTED, MAY CONTAIN CONFIDENTIAL BUSINESS INFORMATION]",Y,2022-06-[XXX] - Submission of 10 Day Update for Report 30290-3135-1: Argo AI has not received notice of any material new or materially different information about this incident.,
10003-3210,1,"Navistar, Inc.",0,0,0,1,0,6.0,2022.0,2022,6,3HSDZAPR6MN,0,International,LT625,2021.0,19fed228241ac11,78762.0,0,0,1,0,0,Test Version 04062022,0,0,,0,0,,0,0,,0,0,,0,0,0,,1,0,0,1,TuSimple,0,0,0,0,0,0,1,Self identified,2022,4,0,2022,4,15:52,0,59d489f93e681d4,Tucson,0,AZ ,1,0,0,0,0,0,1,0,0,0,1,0,0,0,65.0,0,0,0,0,1,0,0,1,0,0,0,0,0,0,0,,Other Fixed Object,0,0,1,0,0,1,,0,0,0,0,0,0,0,0,0,0,0,0,0,Proceeding Straight,0,0,1,65.0,0,0,0,1,0,0,0,0,0,0,0,0,0,0,0,0,1,1,0,No,, ,No,, ,, ,, ,Yes, ,"All of the data in this report and the following text is an excerpt from TuSimples original submission (30370-2949-1) and constitutes Navistars sole understanding of this event.
TuSimple's position is that this event does not meet the criteria for reporting under the SGO.
Specifically, the L4 ADS was not in operation at any point in the 30 seconds prior to making contact with the concrete barrier.
The event occurred as follows:
As the truck was being operated on the highway, within its mapped ODD, the driver and test engineer attempted to engage the ADS.
However, the ADS was not functional at that moment due to the computer unit not having been initialized, and should not have been
attempted to be activated. In short, this was a failed attempt to engage the system as a result of human error.
The system has now been modified to prevent the ADS from attempting to engage unless the health of the system is fully functional to
prevent human error from repeating this event.
When the erroneous attempt to engage occurred, the uninitialized vehicle control unit rotated the steering to the left, causing the truck to
veer left. The safety driver took control of the steering, and was able to steer accordingly, but not before the left front truck tire and left
front quarter panel came into contact with the concrete barrier to the left of the lanes of travel.",
502-2973,2,Ford Motor Company,0,0,0,0,1,5.0,2022.0,2022,6,1FMCU0DZ8LU,0,Ford,Escape,2020.0,27e565631721655,1016.0,0,0,1,0,0,"[REDACTED, MAY CONTAIN CONFIDENTIAL BUSINESS INFORMATION]",0,1,,0,0,,0,0,,0,0,,0,0,0,,1,0,1,0,Argo AI,0,0,0,1,1,0,0,,2022,5,0,2022,5,08:11,0,8dbb58bde502b36,WDC,0,DC ,0,1,0,0,0,0,1,0,0,0,1,0,0,0,25.0,0,0,0,0,1,0,0,1,0,0,0,0,0,0,0,,Heavy Truck,0,0,1,0,0,1,Proceeding Straight,0,0,0,0,0,0,0,1,0,0,0,0,0,Stopped,0,0,1,0.0,0,0,0,0,1,0,0,0,0,0,0,0,0,0,0,0,1,1,0,Yes,Metropolitan Police Department, ,Yes,[MAY CONTAIN PERSONALLY IDENTIFIABLE INFORMATION], ,,Y,,Y,"[REDACTED, MAY CONTAIN CONFIDENTIAL BUSINESS INFORMATION]",Y,"Ford is updating its May 2022 Monthly report (submitted on 5/15/2022).  [REDACTED, MAY CONTAIN CONFIDENTIAL BUSINESS INFORMATION]",Y
30410-3043,1,Motional,0,0,0,1,0,5.0,2022.0,2022,6,,1,Hyundai,Ioniq 5,2022.0, ,6742.0,0,0,1,0,0,"[REDACTED, MAY CONTAIN CONFIDENTIAL BUSINESS INFORMATION]",0,1,,0,0,,0,0,,0,0,,0,0,0,,1,0,1,0,Motional,0,0,0,0,1,0,0,,2022,5,0,2022,5,12:58,0, ,Las Vegas,0,NV ,0,0,0,1,0,0,1,0,0,0,1,0,0,0,15.0,0,0,0,0,1,0,0,1,0,0,0,0,0,0,0,,"Other, see Narrative",0,0,1,0,0,0,"Other, see Narrative",0,0,0,0,0,0,0,0,0,0,0,0,1,Proceeding Straight,0,0,1,8.0,0,0,0,1,0,0,0,0,0,0,0,0,0,0,1,0,1,0,0,No,, ,Yes,, ,, ,, ,"[REDACTED, MAY CONTAIN CONFIDENTIAL BUSINESS INFORMATION]",Y,"On [XXX], at 12:58 PM PT, a front tire of a Motional Hyundai Ioniq 5 made contact with a curb [REDACTED, MAY CONTAIN CONFIDENTIAL BUSINESS INFORMATION].",Y
30290-3119,1,Argo AI,0,0,0,1,0,5.0,2022.0,2022,6,1FMCU0DZ8LU,0,Ford,Escape,2020.0,27e565631721655,1016.0,0,0,1,0,0,"[REDACTED, MAY CONTAIN CONFIDENTIAL BUSINESS INFORMATION]",0,1,,0,0,,0,0,,0,0,,0,0,0,,1,0,1,0,Argo AI,0,0,0,1,1,0,0,,2022,5,0,2022,5,08:11,0,8dbb58bde502b36,WDC,0,DC ,0,1,0,0,0,0,1,0,0,0,1,0,0,0,25.0,0,0,0,0,1,0,0,1,0,0,0,0,0,0,0,,Heavy Truck,0,0,1,0,0,1,Proceeding Straight,0,0,0,0,0,0,0,1,0,0,0,0,0,Stopped,0,0,1,0.0,0,0,0,0,1,0,0,0,0,0,0,0,0,0,0,0,1,1,0,Yes,Metropolitan Police Department, ,Yes,[MAY CONTAIN PERSONALLY IDENTIFIABLE INFORMATION], ,,Y,,Y,"[REDACTED, MAY CONTAIN CONFIDENTIAL BUSINESS INFORMATION]",Y,"[REDACTED, MAY CONTAIN CONFIDENTIAL BUSINESS INFORMATION]",Y
30413-3138,1,May Mobility,0,0,0,1,0,5.0,2022.0,2022,6,2T2JGMDA7LC,0,Lexus,RX450H,2020.0,3b9ab2e732bb69f,19835.0,0,0,1,0,0,4,0,0,,0,0,,0,0,,0,0,,0,0,0,,1,0,1,0,May Mobility,0,0,0,1,0,0,0,,2022,5,0,2022,5,16:11,0,3b95fade2333295,Arlington,0,TX ,0,0,0,1,0,0,1,0,0,0,1,0,0,0,25.0,0,0,0,0,1,0,0,1,0,0,0,0,0,0,0,,Pickup Truck,0,0,1,0,0,1,Stopped,0,0,0,1,0,0,0,0,0,0,0,0,0,Proceeding Straight,0,0,1,11.0,0,0,0,0,0,0,0,0,1,0,0,0,0,0,0,0,1,1,0,No,, ,Yes,, ,, ,, ,Yes, ,"The May vehicle was traveling on an unpainted (no center line) residential road with vehicles parked along the right side of the road. The May vehicle passed too close to a parked vehicle, causing the May vehicle's passenger-side mirror to contact the parked vehicle's driver-side mirror.
The May vehicle's ground mapping module had fallen significantly behind in its processing of lidar data. As a result, actual objects were being filtered out of the lidar data during object detection. This filtering caused the truck to oscillate between being detected, detecting only the cab, detecting the cab and mirror, and not being detected at all.
After assessing the issue, it has been determined that ground map latency alone will not cause safety issues. There is no risk to VRUs, or anything at ground level. The issue was with something in the air (mirror), above the ground.
A permanent fix to address the ground map latency issue is in process and will be implemented in the entire fleet within the next 30 days.
The second factor in the collision is that we were artificially constraining the vehicle to the right side of the road due to ambiguous and unpainted roadway. If we change that constraint to an advisory line (and allow the vehicle to cross the line to the left), we would have been far enough to the left to avoid collision (simulation success).
Solution Implementation: AVO training for extra caution related to protruding items like mirrors (short term), software changes coming in the next update and hotfix (within 30 days), and further improvement in the following update (within 60 days).
Until the tested software changes are implemented, we have advised the AVOs to take extra caution in these scenarios and to continue to disengage autonomy when desired. As always, we sacrifice autonomy for safety, as needed.",
30270-3057,2,Waymo LLC,0,0,1,0,0,,,2022,6,SADHW2S15M1,0,Jaguar,I-Pace,2021.0,c690f79b5f85c4b,32794.0,0,0,1,0,0,5th Generation ADS,0,0,,0,0,,0,0,,0,0,,0,0,0,,1,0,1,0,Waymo LLC,0,1,0,0,0,0,0,,2022,5,0,2022,5,02:30,0,387240601466c07,Phoenix,0,AZ ,0,1,0,0,0,0,1,0,0,0,1,0,0,0,35.0,0,1,0,0,0,0,0,1,0,0,0,0,0,0,0,,Passenger Car,0,0,0,0,1,1,Proceeding Straight,1,1,0,1,1,0,0,1,0,0,1,0,0,Stopped,0,1,1,0.0,0,1,1,0,1,0,0,0,0,0,0,0,0,0,1,0,1,1,0,Yes,Phoenix Police Department, ,Yes,[MAY CONTAIN PERSONALLY IDENTIFIABLE INFORMATION], ,,Y,,Y,Yes, ,"The content of this report is unchanged from the initial report submitted on May [XXX], 2022 [Report ID # 30270-3057-1].
On May [XXX], 2022 at 2:30 AM PST a Waymo Autonomous Vehicle (""Waymo AV"") operating in Phoenix, Arizona was in a collision involving a passenger vehicle on [XXX] at the [XXX] onramp.
While the Waymo AV was stopped at a red light on southbound [XXX] in the rightmost through lane, a passenger vehicle approached the Waymo AV from behind and the right front of the passenger vehicle made contact with the left rear of the Waymo AV. At the time of the impact, the Waymo AV's Level 4 ADS was engaged in autonomous mode and a test driver was present (in the driver's seating position). Both vehicles sustained major damage. The driver of the other vehicle was transported from the scene to a hospital for medical treatment.
Waymo is reporting this crash under Request No. 1 of Standing General Order 2021-01 because a vehicle involved was towed away, the crash resulted in airbag deployment, and the driver of the other vehicle was transported from the scene to a hospital for medical treatment. Waymo may supplement or correct its reporting with additional information as it may become available. This report was submitted from the Pacific time zone on the required date.",
30531-3065,2,Transdev Alternative Services,0,0,1,0,0,,,2022,6,SADHW2S10M1,0,Jaguar,I-Pace,2021.0,4d3dc5f194fb109,30050.0,0,0,1,0,0,,1,0,,0,0,,0,0,,0,0,,0,0,0,,1,0,0,1,Waymo LLC,0,1,0,0,0,0,0,,2022,5,0,2022,5,01:43,0,a4f3fd3c322db7a,Phoenix,0,AZ ,0,0,1,0,0,0,1,0,0,0,1,0,0,0,25.0,0,1,0,0,0,0,0,1,0,0,0,0,0,0,0,,"Other, see Narrative",0,0,1,0,0,1,"Other, see Narrative",0,0,0,0,0,0,0,0,0,0,0,0,1,Making Left Turn,0,1,1,9.0,0,0,0,0,0,0,0,0,0,0,1,0,0,0,1,0,1,1,0,No,, ,Yes,, ,, ,, ,Yes, ,"The content of this report is unchanged from the previously submitted report (Report ID#: 30531-3065-1)
On May [XXX], 2022 at 1:43AM PST a Waymo Autonomous Vehicle (""Waymo AV"") operating in Phoenix, Arizona made contact with a parking lot driveway on the 700 block of [XXX].
The Waymo AV was traveling westbound on [XXX] in autonomous mode when it approached a parking lot on the left side of the street.  As the Waymo AV turned left and into the parking lot, the Waymo AV's undercarriage made contact with the driveway pavement (the AVE did not contact any vehicle or road user).  At the time of contact, the Waymo AV's Level 4 ADS was engaged in autonomous mode, and a test driver was present (in the driver's seating position).  The Waymo AV sustained minor undercarriage damage.
Transdev Alternative Services is reporting this crash under Request No. 1 of Standing General Order 2021-01 because the Waymo AV was towed away.  Transdev may supplement or correct its reporting with additional information as it may become available.  This report is a duplicate of WaymoLLC-202205[XXX]-0 (rev.202205[XXX]213041).",
30270-3056,2,Waymo LLC,0,0,1,0,0,,,2022,6,SADHW2S10M1,0,Jaguar,I-Pace,2021.0,4d3dc5f194fb109,30050.0,0,0,1,0,0,5th Generation ADS,0,0,,0,0,,0,0,,0,0,,0,0,0,,1,0,1,0,Waymo LLC,0,1,0,0,0,0,0,,2022,5,0,2022,5,01:43,0,a4f3fd3c322db7a,Phoenix,0,AZ ,0,0,1,0,0,0,1,0,0,0,1,0,0,0,25.0,0,1,0,0,0,0,0,1,0,0,0,0,0,0,0,,"Other, see Narrative",0,0,1,0,0,1,"Other, see Narrative",0,0,0,0,0,0,1,0,0,0,0,0,0,Making Left Turn,0,1,1,9.0,0,0,0,0,0,0,0,0,0,0,1,0,0,0,1,0,1,1,0,No,, ,Yes,, ,, ,, ,Yes, ,"The content of this report is unchanged from the initial report submitted on May [XXX], 2022 [REDACTED, MAY CONTAIN CONFIDENTIAL BUSINESS INFORMATION]. 
On May [XXX], 2022 at 1:43AM PST a Waymo Autonomous Vehicle (Waymo AV) operating in Phoenix, Arizona made contact with a parking lot driveway on the 700 block of [XXX]. 
The Waymo AV was traveling westbound on [XXX] in autonomous mode when it approached a parking lot on the left side of the street. As the Waymo AV turned left and into the parking lot, the Waymo AVs undercarriage made contact with the driveway pavement (the AV did not contact any vehicle or road user). At the time of the contact, the Waymo AVs Level 4 ADS was engaged in autonomous mode, and a test driver was present (in the drivers seating position). The Waymo AV sustained minor undercarriage damage.
Waymo is reporting this crash under Request No. 1 of Standing General Order 2021-01 because the Waymo AV was towed away. Waymo may supplement or correct its reporting with additional information as it may become available. This report was submitted from the Pacific time zone on the required date.",
30531-2902,2,Transdev Alternative Services,0,0,1,0,0,,,2022,5,1XPBD49X6ND,0,Peterbilt,579 Epiq,2022.0,c59cc1317356bf4,58117.0,0,0,1,0,0,,1,0,,0,0,,0,0,,0,0,,0,0,0,,1,0,1,0,Waymo LLC,0,1,0,0,0,0,0,,2022,5,0,2022,5,15:11,0,469cd8d228115fc,Ennis,0,TX ,1,0,0,0,0,0,1,0,0,0,1,0,0,0,65.0,0,0,0,0,1,0,0,1,0,0,0,0,0,0,0,,Heavy Truck,0,1,0,0,0,1,Changing Lanes,0,0,0,0,0,0,0,0,1,0,0,0,0,Proceeding Straight,0,1,1,62.0,0,0,0,1,0,0,0,0,0,0,0,0,0,0,1,0,1,1,0,Yes,Ennis Police Department, ,Yes,[MAY CONTAIN PERSONALLY IDENTIFIABLE INFORMATION], ,[MAY CONTAIN PERSONALLY IDENTIFIABLE INFORMATION], ,[MAY CONTAIN PERSONALLY IDENTIFIABLE INFORMATION], ,"Unknown, see Narrative", ,"Other than noting that the vehicle that struck the Waymo AV had encountered tire debris in its lane, the content of this report is unchanged from the initial report submitted on May [XXX], 2022 [Report ID # 30531-[XXX]-1]
On May [XXX], 2022 at 3:11 PM PST a Waymo Autonomous Vehicle (Waymo AV) Peterbilt Class 8 semi-truck and trailer, operating in Ennis, Texas was in a collision involving a Class 8 semi-truck and trailer on northbound [XXX] near [XXX]. 
The Waymo AV was traveling in autonomous mode in the rightmost lane on Interstate [XXX] when a Class 8 semi-truck and trailer began to pass it in the adjacent left lane. Before the adjacent Class 8 semi-truck and trailer had fully passed the Waymo AV, it executed a right lane change and its trailer (the right side, rear section) entered the lane in which the Waymo AV was traveling and made contact with the driver side of the Waymo AV cab. The Waymo AV transitioned to manual mode and the test driver took control. The Waymo AV exited the roadway to the right shoulder of the road and came to a stop off of the roadway. At the time of the impact, the Waymo AV's ADS was engaged in autonomous mode, and a test driver was present (in the driver's seating position). The Waymo AV sustained moderate damage and the third-party Class 8 semi-truck and trailer did not stop to exchange information. The Waymo AV test driver was transported for medical care and the Waymo AV software operator, seated in the passenger seat, later sought medical attention. 
Transdev Alternative Services is reporting this crash under Request No. 1 of Standing General Order 2021-01 because an individual involved in the crash was transported from the scene to a hospital for medical treatment and a vehicle involved was towed away. Transdev may supplement or correct its reporting with additional information as it may become available. 
This report is identical to WaymoLLC-202205[XXX]-0 (rev.202205[XXX]603622)",
30270-2895,2,Waymo LLC,0,0,1,0,0,,,2022,5,1XPBD49X6ND,0,Peterbilt,579 Epiq,2022.0,c59cc1317356bf4,58117.0,0,0,1,0,0,5th Generation ADS,0,0,,0,0,,0,0,,0,0,,0,0,0,,1,0,1,0,Waymo LLC,0,1,0,0,0,0,0,,2022,5,0,2022,5,15:11,0,469cd8d228115fc,Ennis,0,TX ,1,0,0,0,0,0,1,0,0,0,1,0,0,0,65.0,0,0,0,0,1,0,0,1,0,0,0,0,0,0,0,,Heavy Truck,0,1,0,0,0,1,Changing Lanes,0,0,0,0,0,0,0,0,1,0,0,0,0,Proceeding Straight,0,1,1,62.0,0,0,0,1,0,0,0,0,0,0,0,0,0,0,1,0,1,1,0,Yes,Ennis Police Department, ,Yes,[MAY CONTAIN PERSONALLY IDENTIFIABLE INFORMATION], ,[MAY CONTAIN PERSONALLY IDENTIFIABLE INFORMATION], ,[MAY CONTAIN PERSONALLY IDENTIFIABLE INFORMATION], ,Yes, ,"Other than noting that the vehicle that struck the Waymo AV had encountered tire debris in its lane, the content of this report is unchanged from the initial report submitted on May [XXX], 2022 [Report ID # 30270-[XXX]-1]. 
On May [XXX], 2022 at 3:11 PM PST a Waymo Autonomous Vehicle (Waymo AV) Peterbilt Class 8 semi-truck and trailer, operating in Ennis, Texas was in a collision involving a Class 8 semi-truck and trailer on northbound Interstate [XXX] near [XXX]. 
The Waymo AV was traveling in autonomous mode in the rightmost lane on Interstate [XXX] when a Class 8 semi-truck and trailer began to pass it in the adjacent left lane. Before the adjacent Class 8 semi-truck and trailer had fully passed the Waymo AV, it encountered tire debris in its lane, executed a right lane change, and its trailer (the right side, rear section) entered the lane in which the Waymo AV was traveling and made contact with the driver side of the Waymo AV cab. The Waymo AV transitioned to manual mode and the test driver took control. The Waymo AV exited the roadway to the right shoulder of the road and came to a stop off of the roadway. At the time of the impact, the Waymo AV's ADS was engaged in autonomous mode, and a test driver was present (in the driver's seating position). The Waymo AV sustained moderate damage and the third-party Class 8 semi-truck and trailer did not stop to exchange information. The Waymo AV test driver was transported for medical care and the Waymo AV software operator, seated in the passenger seat, later sought medical attention. 
Waymo is reporting this crash under Request No. 1 of Standing General Order 2021-01 because an individual involved in the crash was transported from the scene to a hospital for medical treatment and a vehicle involved was towed away. Waymo may supplement or correct its reporting with additional information as it may become available. This report was submitted from the Pacific time zone on the required date.",