Report ID,Report Version,Reporting Entity,Report_Type_1 Day Update,Report_Type_5 Day Update,Report_Type_10 Day Update,Report_Type_Monthly Report,"Report_Type_Updated, but no time indicated",Report Month,Report Year,Submission Year,Submission Month,VIN,VIN - Unknown,Make,Model,Model Year,Same Vehicle ID,Mileage,Mileage - Unknown,Driver / Operator Type_Consumer,Driver / Operator Type_In-Vehicle,Driver / Operator Type_Remote,Driver / Operator Type_None or Other,ADAS/ADS System Version,ADAS/ADS System Version - Unk,ADAS/ADS System Version CBI,ADAS/ADS Hardware Version,ADAS/ADS Hardware Version - Unk,ADAS/ADS Hardware Version CBI,ADAS/ADS Software Version,ADAS/ADS Software Version - Unk,ADAS/ADS Software Version CBI,Other Reporting Entities?,Other Reporting Entities? - Unk,Other Reporting Entities? - NA,Federal Regulatory Exemption?,Federal Reg. Exemption - Unk,Federal Reg. Exemption - No,State or Local Permit?,State or Local Permit,ADS Equipped?,Automation System Engaged_ADAS,Automation System Engaged_ADS,"Automation System Engaged_Unknown, see Narrative",Operating Entity,Source - Complaint/Claim,Source - Telematics,Source - Law Enforcement,Source - Field Report,Source - Testing,Source - Media,Source - Other,Source - Other Text,Incident Year,Incident Month,Incident Date - Unknown,Notice Received Year,Notice Received Month,Incident Time (24:00),Incident Time - Unknown,Same Incident ID,City,City - Unknown,State,Roadway Type_Highway / Freeway,Roadway Type_Intersection,Roadway Type_Parking Lot,Roadway Type_Street,Roadway Type_Traffic Circle,Roadway Type_Unknown,Roadway Surface_Dry,Roadway Surface_Snow / Slush / Ice,Roadway Surface_Unknown,Roadway Surface_Wet,Roadway Description_No Unusual Conditions,Roadway Description_Traffic Incident,Roadway Description_Work Zone,"Roadway Description_Other, Unknown or Missing",Posted Speed Limit (MPH),Posted Speed Limit - Unknown,Lighting_Dark - Lighted,Lighting_Dark - Not Lighted,Lighting_Dawn / Dusk,Lighting_Daylight,Lighting_Other or Unknown,Lighting_Dark - Unknown Lighting,Weather - Clear,Weather - Snow,Weather - Cloudy,Weather - Fog/Smoke,Weather - Rain,Weather - Severe Wind,Weather - Unknown,Weather - Other,Weather - Other Text,Crash With,Highest Injury Severity Alleged_Minor,Highest Injury Severity Alleged_Moderate,Highest Injury Severity Alleged_No Injuries Reported,Highest Injury Severity Alleged_Serious,Highest Injury Severity Alleged_Unknown,Property Damage?,CP Pre-Crash Movement,CP Any Air Bags Deployed?,CP Was Vehicle Towed?,CP Contact Area - Rear Left,CP Contact Area - Left,CP Contact Area - Front Left,CP Contact Area - Rear,CP Contact Area - Top,CP Contact Area - Front,CP Contact Area - Rear Right,CP Contact Area - Right,CP Contact Area - Front Right,CP Contact Area - Bottom,CP Contact Area - Unknown,SV Pre-Crash Movement,SV Any Air Bags Deployed?,SV Was Vehicle Towed?,SV Were All Passengers Belted?,SV Precrash Speed (MPH),SV Pre-crash Speed - Unknown,SV Contact Area - Rear Left,SV Contact Area - Left,SV Contact Area - Front Left,SV Contact Area - Rear,SV Contact Area - Top,SV Contact Area - Front,SV Contact Area - Rear Right,SV Contact Area - Right,SV Contact Area - Front Right,SV Contact Area - Bottom,SV Contact Area - Unknown,Data Availability - EDR,Data Availability - Police Rpt,Data Availability - Telematics,Data Availability - Complaints,Data Availability - Video,Data Availability - Other,Data Availability - Unknown,Law Enforcement Investigating?,Investigating Agency,Investigating Agency - Unknown,Rep Ent Or Mfr Investigating?,Investigating Officer Name,Inv. Officer Name - Unknown,Investigating Officer Phone,Inv. Officer Phone - Unknown,Investigating Officer Email,Inv. Officer Email - Unknown,Within ODD?,Within ODD? - CBI,Narrative,Narrative - CBI?
30270-3010,1,Waymo LLC,0,0,0,1,0,4.0,2022.0,2022,5,SADHW2S17M1,0,Jaguar,I-Pace,2021.0,abe8cab2679e248,21755.0,0,0,1,0,0,5th Generation ADS,0,0,,0,0,,0,0,,0,0,,0,0,0,,1,0,1,0,Waymo LLC,0,1,0,0,0,0,0,,2022,4,0,2022,4,23:30,0,5eaff10802702c1,Phoenix,0,AZ ,0,0,0,1,0,0,1,0,0,0,1,0,0,0,25.0,0,1,0,0,0,0,0,1,0,0,0,0,0,0,0,,Animal,0,0,1,0,0,1,"Other, see Narrative",0,0,0,0,0,0,0,0,0,0,0,0,0,Proceeding Straight,0,0,1,24.0,0,0,0,0,0,0,1,0,0,0,0,0,0,0,1,0,1,1,0,No,, ,Yes,, ,, ,, ,Yes, ,"On April [XXX], 2022 at 11:30 PM PST a Waymo Autonomous Vehicle ('Waymo AV') operating in Phoenix, Arizona was in a collision involving an animal on [XXX] just past [XXX]. 
The Waymo AV was operating in autonomous mode on northbound [XXX] and had just passed [XXX] when a cat entered the street from the adjacent right curb. The Waymo AV then made contact with the cat. The Waymo AV braked and the Waymo AV test driver took manual control and brought the Waymo AV to a stop. At the time of the impact, the Waymo AV's Level 4 ADS was engaged in autonomous mode, and a test driver was present (in the driver's seating position). The Waymo AV did not sustain any damage and the cat was found to be deceased; the cat did not have any identification tags or other signs of ownership.
Waymo is reporting this crash under Request No. 2 of Standing General Order 2021-01. Waymo may supplement or correct its reporting with additional information as it may become available. This report was submitted from the Pacific time zone on the required date.",
30370-2949,1,TuSimple,0,0,0,1,0,4.0,2022.0,2022,5,3HSDZAPR6MN,0,INTERNATIONAL,LT 625,2021.0,19fed228241ac11,78762.0,0,0,1,0,0,Test Version 04062022,0,0,,0,0,,0,0,,0,0,,0,0,0,,1,0,0,1,TuSimple,0,0,0,0,0,0,1,Self identified,2022,4,0,2022,4,15:52,0,59d489f93e681d4,Tucson,0,AZ ,1,0,0,0,0,0,1,0,0,0,1,0,0,0,65.0,0,0,0,0,1,0,0,1,0,0,0,0,0,0,0,,Other Fixed Object,0,0,1,0,0,1,,0,0,0,0,0,0,0,0,0,0,0,0,0,Proceeding Straight,0,0,1,65.0,0,0,0,1,0,0,0,0,0,0,0,0,0,0,0,0,1,1,0,No,, ,No,, ,, ,, ,Yes, ,"TuSimple's position is that this event does not meet the criteria for reporting under the SGO.
Specifically, the L4 ADS was not in operation at any point in the 30 seconds prior to making contact with the concrete barrier.  
 
The event occurred as follows:
As the truck was being operated on the highway, within its mapped ODD, the driver and test engineer attempted to engage the ADS.  However, the ADS was not functional at that moment due to the computer unit not having been initialized, and should not have been attempted to be activated.  In short, this was a failed attempt to engage the system as a result of human error.  
 
The system has now been modified to prevent the ADS from attempting to engage unless the health of the system is fully functional to prevent human error from repeating this event.
 
When the erroneous attempt to engage occurred, the uninitialized vehicle control unit rotated the steering to the left, causing the truck to veer left.  The safety driver took control of the steering, and was able to steer accordingly, but not before the left front truck tire and left front quarter panel came into contact with the concrete barrier to the left of the lanes of travel.  
 
The contact resulted in a scuff to the left tire and damage to the radar unit extending from the left quarter panel.",
10003-2932,1,"Navistar, Inc.",0,0,0,1,0,5.0,2022.0,2022,5,3HSDZAPR9NN,0,International,LT,2022.0,6b21a70177dcc64,56429.0,0,1,0,0,0,Bendix Lane Keep assist,0,0,,0,0,,0,0,,0,0,,0,0,0,,1,0,0,1,,0,0,0,0,0,0,1,Western Express,2021,11,0,2022,4,19:57,0,d7397a577eefe45,Maxatawny Township,0,PA ,0,0,0,1,0,0,1,0,0,0,1,0,0,0,25.0,0,0,1,0,0,0,0,0,0,0,0,0,0,1,0,,Other Fixed Object,0,0,0,0,1,1,,0,0,0,0,0,0,0,0,0,0,0,0,0,Proceeding Straight,0,1,1,,1,0,0,0,0,0,1,0,0,0,0,0,0,0,0,0,0,0,1,Yes,PA State Police, ,Yes,[MAY CONTAIN PERSONALLY IDENTIFIABLE INFORMATION], ,,Y,,Y,"Unknown, see Narrative", ,"This vehicle is equipped with Lane Keep Assist feature. The posted speed limit the subject vehicle was operating at time of incident is 25 MPH and the Lane Keep Assist Feature cannot be activated at speeds below 37 MPH. This crash occurred as unit 1 was going North on [XXX] in Maxatawny Township, Berks County. Unit 1 then went off the right side of the roadway and struck a house. Unit 1 was towed from the scene. Operator 1 and homeowner were transported to nearby local hospital to be treated for minor injuries.",
30270-2657,2,Waymo LLC,0,0,1,0,0,,,2022,4,SADHW2S14M1,0,Jaguar,I-Pace,2021.0,806445927154e05,17179.0,0,0,1,0,0,5th Generation ADS,0,0,,0,0,,0,0,,0,0,,0,0,0,,1,0,1,0,Waymo LLC,0,1,0,0,0,0,0,,2022,4,0,2022,4,18:29,0,b35fd97d24c2500,Phoenix,0,AZ ,0,1,0,0,0,0,1,0,0,0,1,0,0,0,30.0,0,0,0,0,1,0,0,1,0,0,0,0,0,0,0,,Motorcycle,0,0,1,0,0,1,Proceeding Straight,0,0,0,0,1,0,0,1,0,0,1,0,0,Making Right Turn,0,1,1,3.0,0,0,0,0,1,0,0,0,0,0,0,0,0,0,1,0,1,1,0,Yes,Phoenix Police Department, ,Yes,[MAY CONTAIN PERSONALLY IDENTIFIABLE INFORMATION], ,,Y,,Y,Yes, ,"The content of this report is unchanged from the initial report submitted on April [XXX], 2022 [Report ID # 30270-2657-1]. 
On April [XXX], 2022 at 6:29 PM PST a Waymo Autonomous Vehicle ('Waymo AV') operating in Phoenix, Arizona was in a collision involving a motorcycle on [XXX] at [XXX]. 
The Waymo AV was preparing to make a right turn from southbound [XXX] onto westbound [XXX], when it slowed to yield to a pedestrian crossing [XXX]. As the Waymo AV yielded, a motorcycle directly behind the Waymo AV was rear-ended by a pick-up truck. The motorcycle was pushed forward and made contact with the rear of the Waymo AV. At the time of the impact, the Waymo AV's Level 4 ADS was engaged in autonomous mode, and a test driver was present (in the driver's seating position). The Waymo AV and the motorcycle sustained damage.
Waymo is reporting this crash under Request No. 1 of Standing General Order 2021-01 because a vehicle involved was towed away and a motorcycle was damaged. Waymo may supplement or correct its reporting with additional information as it may become available. This report was submitted from the Pacific time zone on the required date.",
30270-2774,1,Waymo LLC,0,0,0,1,0,3.0,2022.0,2022,4,SADHW2S17M1,0,Jaguar,I-Pace,2021.0,0c7d2b6074c7190,18510.0,0,0,1,0,0,5th Generation ADS,0,0,,0,0,,0,0,,0,0,,0,0,0,,1,0,1,0,Waymo LLC,0,1,0,0,0,0,0,,2022,3,0,2022,3,18:14,0,57cf0d88fbb5190,Phoenix,0,AZ ,0,1,0,0,0,0,1,0,0,0,1,0,0,0,35.0,0,1,0,0,0,0,0,1,0,0,0,0,0,0,0,,SUV,0,0,1,0,0,1,Proceeding Straight,0,0,0,0,1,0,0,1,0,0,1,0,0,Stopped,0,0,1,0.0,0,1,0,0,1,0,0,1,0,0,0,0,0,0,1,0,1,1,0,No,, ,Yes,, ,, ,, ,Yes, ,"On March [XXX], 2022 at 6:14 PM PST a Waymo Autonomous Vehicle ('Waymo AV') operating in Phoenix, AZ was in a collision involving an SUV on [XXX] at [XXX].
The Waymo AV was in autonomous mode on southbound [XXX] and stopped at a red light to make an unprotected left onto eastbound [XXX]. When the traffic light turned green, the Waymo AV slowly proceeded into the intersection and stopped to yield to oncoming traffic. The Waymo AV test driver transitioned to manual mode just before an SUV made contact with the rear of the Waymo AV. At the time of the impact, the Waymo AV's Level 4 ADS was not engaged and a test driver was operating the Waymo AV in manual mode. Both vehicles sustained minor damage.
Waymo is reporting this crash under Request No. 2 of Standing General Order 2021-01. Waymo may supplement or correct its reporting with additional information as it may become available. This report was submitted from the Pacific time zone on the required date.",
502-2751,1,Ford Motor Company,0,0,0,1,0,4.0,2022.0,2022,4,3FA6P0MUXKR,0,Ford,Fusion,2019.0,238ab9f4a902425,11510.0,0,0,1,0,0,"[REDACTED, MAY CONTAIN CONFIDENTIAL BUSINESS INFORMATION]",0,1,,0,0,,0,0,,0,0,,0,0,0,,1,0,1,0,Argo AI,0,0,0,1,1,0,0,,2022,3,0,2022,3,12:50,0,d35bd0a494facfa,Miami,0,FL ,0,1,0,0,0,0,0,0,0,1,1,0,0,0,30.0,0,0,0,0,1,0,0,0,0,1,0,0,0,0,0,,Passenger Car,0,0,1,0,0,1,Proceeding Straight,0,0,0,0,0,0,0,1,0,0,0,0,0,Stopped,0,0,1,0.0,0,0,0,0,1,0,0,0,0,0,0,0,0,0,0,0,1,1,0,Yes,Miami Police Department, ,Yes,[MAY CONTAIN PERSONALLY IDENTIFIABLE INFORMATION], ,,Y,,Y,"[REDACTED, MAY CONTAIN CONFIDENTIAL BUSINESS INFORMATION]",Y,"[REDACTED, MAY CONTAIN CONFIDENTIAL BUSINESS INFORMATION]",Y
30290-2696,1,Argo AI,0,0,0,1,0,4.0,2022.0,2022,4,3FA6P0MUXKR,0,Ford,Fusion,2019.0,238ab9f4a902425,11510.0,0,0,1,0,0,"[REDACTED, MAY CONTAIN CONFIDENTIAL BUSINESS INFORMATION]",0,1,,0,0,,0,0,,0,0,,0,0,0,,1,0,1,0,Argo AI,0,0,0,1,1,0,0,,2022,3,0,2022,3,12:50,0,d35bd0a494facfa,Miami,0,FL ,0,1,0,0,0,0,0,0,0,1,1,0,0,0,30.0,0,0,0,0,1,0,0,0,0,1,0,0,0,0,0,,Passenger Car,0,0,1,0,0,1,Proceeding Straight,0,0,0,0,0,0,0,1,0,0,0,0,0,Stopped,0,0,1,0.0,0,0,0,0,1,0,0,0,0,0,0,0,0,0,0,0,1,1,0,Yes,Miami Police Department, ,Yes,[MAY CONTAIN PERSONALLY IDENTIFIABLE INFORMATION], ,,Y,,Y,"[REDACTED, MAY CONTAIN CONFIDENTIAL BUSINESS INFORMATION]",Y,"[REDACTED, MAY CONTAIN CONFIDENTIAL BUSINESS INFORMATION]",Y
273-2632,2,"Chrysler (FCA US, LLC)",0,0,1,0,0,,,2022,4,1C4RJHET6N8,0,Jeep,Grand Cherokee,2022.0,ab99e94b2b40e97,6958.0,0,1,0,0,0,,1,0,,0,0,,0,0,,0,0,,0,0,0,,1,1,0,0,,0,0,0,1,0,0,0,,2022,4,0,2022,4,03:30,0,9f21c8535dd6f30,Saint Clair,0,MI ,0,0,0,0,0,1,1,0,0,0,1,0,0,0,55.0,0,0,0,0,0,0,1,1,0,0,0,0,0,0,0,,Other Fixed Object,0,0,1,0,0,1,,0,0,0,0,0,0,0,0,0,0,0,0,0,Unknown,0,1,1,50.0,0,0,0,1,0,0,1,0,0,1,0,0,0,0,0,0,0,0,1,Yes,Saint Claire Police, ,Unknown,,Y,,Y,,Y,"Unknown, see Narrative", ,"[REDACTED, MAY CONTAIN CONFIDENTIAL BUSINESS INFORMATION]",Y
30270-2591,2,Waymo LLC,0,0,1,0,0,,,2022,4,SADHW2S19M1,0,Jaguar,I-Pace,2021.0,720a2c8a04ccf0d,13088.0,0,0,1,0,0,5th Generation ADS,0,0,,0,0,,0,0,,0,0,,0,0,0,,1,0,1,0,WAYMO LLC,0,1,0,0,0,0,0,,2022,3,0,2022,3,14:57,0,078bbba609474d8,Phoenix,0,AZ ,0,1,0,0,0,0,1,0,0,0,1,0,0,0,25.0,0,0,0,0,1,0,0,0,0,1,0,0,0,0,0,,Passenger Car,0,0,0,0,1,1,Proceeding Straight,1,1,0,0,1,0,0,1,0,0,1,0,0,Stopped,0,1,1,0.0,0,0,0,1,0,0,1,0,0,0,0,0,0,0,1,0,1,1,0,Yes,Phoenix Police Department, ,Yes,[MAY CONTAIN PERSONALLY IDENTIFIABLE INFORMATION], ,,Y,,Y,Yes, ,"Other than an update to the narrative to describe oncoming vehicle's separate collision and a correction to the 'Notice Received Date', the content of this report is unchanged from the initial report submitted on March [XXX], 2022 [Report ID # 30270-2465-1]. 
On March [XXX], 2022 at 15:14 PM PST a Waymo Autonomous Vehicle ('Waymo AV') operating in Phoenix, Arizona was in a collision involving a passenger car on [XXX] at [XXX]. 
At the time of the impact, the Waymo AV's Level 4 ADS was not engaged and a test driver was operating the Waymo AV in manual mode. The Waymo AV was stationary at a 4-way stop sign intersection when an oncoming car was involved in a separate collision, departed from its lane, and struck the Waymo AV. Both vehicles sustained damage in the front of the vehicle. 
Waymo is reporting this crash under Request No. 1 of Standing General Order 2021-01 because a vehicle involved was towed away and a vehicle's airbag(s) deployed. Waymo may supplement or correct its reporting with additional information as it may become available. This report was submitted from the Pacific time zone on the required date.",
502-2479,2,Ford Motor Company,0,0,1,0,0,,,2022,3,1FMCU0DZ5LU,0,Ford,Escape,2020.0,1a89dae466c3bdd,2562.0,0,0,1,0,0,"[REDACTED, MAY CONTAIN CONFIDENTIAL BUSINESS INFORMATION]",0,1,,0,0,,0,0,,0,0,,0,0,0,,1,0,1,0,Argo AI,0,0,0,1,1,0,0,,2022,3,0,2022,3,12:39,0,1d63fe48b844c16,Coral Gables,0,FL ,0,0,0,0,1,0,1,0,0,0,1,0,0,0,30.0,0,0,0,0,1,0,0,1,0,0,0,0,0,0,0,,SUV,0,1,0,0,0,1,Proceeding Straight,0,0,0,0,0,0,0,1,0,0,0,0,0,Stopped,0,0,1,0.0,0,0,0,0,1,0,0,0,0,0,0,0,0,1,0,0,1,1,0,Yes,Coral Gables Police Department, ,Yes,[MAY CONTAIN PERSONALLY IDENTIFIABLE INFORMATION], ,,Y,,Y,"[REDACTED, MAY CONTAIN CONFIDENTIAL BUSINESS INFORMATION]",Y,"[REDACTED, MAY CONTAIN CONFIDENTIAL BUSINESS INFORMATION]",Y
30290-2481,2,Argo AI,0,0,1,0,0,,,2022,3,1FMCU0DZ5LU,0,Ford,Escape,2020.0,1a89dae466c3bdd,2562.0,0,0,1,0,0,"[REDACTED, MAY CONTAIN CONFIDENTIAL BUSINESS INFORMATION]",0,1,,0,0,,0,0,,0,0,,0,0,0,,1,0,1,0,Argo AI,0,0,0,1,1,0,0,,2022,3,0,2022,3,12:39,0,1d63fe48b844c16,Coral Gables,0,FL ,0,0,0,0,1,0,1,0,0,0,1,0,0,0,30.0,0,0,0,0,1,0,0,1,0,0,0,0,0,0,0,,SUV,0,1,0,0,0,1,Proceeding Straight,0,0,0,0,0,0,0,1,0,0,0,0,0,Stopped,0,0,1,0.0,0,0,0,0,1,0,0,0,0,0,0,0,0,1,0,0,1,1,0,Yes,Coral Gables Police Department, ,Yes,[MAY CONTAIN PERSONALLY IDENTIFIABLE INFORMATION], ,,Y,,Y,"[REDACTED, MAY CONTAIN CONFIDENTIAL BUSINESS INFORMATION]",Y,"[REDACTED, MAY CONTAIN CONFIDENTIAL BUSINESS INFORMATION]",Y
30270-2465,2,Waymo LLC,0,0,1,0,0,,,2022,3,SADHW2S18M1,0,Jaguar,I-Pace,2021.0,04f736aacb7513d,30534.0,0,0,1,0,0,5th Generation ADS,0,0,,0,0,,0,0,,0,0,,0,0,0,,1,0,1,0,Waymo LLC,0,1,0,0,0,0,0,,2022,3,0,2022,3,21:39,0,810ff5231ba3d6d,Phoenix,0,AZ ,0,1,0,0,0,0,1,0,0,0,1,0,0,0,35.0,0,1,0,0,0,0,0,1,0,0,0,0,0,0,0,,Van,0,0,1,0,0,1,Proceeding Straight,1,1,0,0,1,0,0,1,0,0,1,0,0,Stopped,0,1,1,0.0,0,1,0,0,1,0,0,1,0,0,0,0,0,0,1,0,1,1,0,Yes,Phoenix Police Department, ,Yes,[MAY CONTAIN PERSONALLY IDENTIFIABLE INFORMATION], ,,Y,,Y,Yes, ,"The content of this report is unchanged from the initial report submitted on March [XXX], 2022 [Report ID # 30270-2465-1]. 
On March [XXX], 2022 at 9:39 PM PST a Waymo Autonomous Vehicle ('Waymo AV') operating in Phoenix, AZ was in a collision involving a van on N. [XXX] at [XXX]. 
The Waymo AV was stopped at a red light on southbound N. [XXX] when a van behind the Waymo AV failed to stop and made contact with the rear bumper of the Waymo AV. At the time of the impact, the Waymo AV's Level 4 ADS was engaged in autonomous mode, and a test driver was present (in the driver's seating position). The van and Waymo AV sustained moderate damage.
Waymo is reporting this crash under Request No. 1 of Standing General Order 2021-01 because a vehicle involved was towed away. Waymo may supplement or correct its reporting with additional information as it may become available. This report was submitted from the Pacific time zone on the required date.",
502-2525,1,Ford Motor Company,0,0,0,1,0,3.0,2022.0,2022,3,3FA6P0MU9KR,0,Ford,Fusion,2019.0,f4ed5e3d6f6498b,13277.0,0,0,1,0,0,"[REDACTED, MAY CONTAIN CONFIDENTIAL BUSINESS INFORMATION]",0,1,,0,0,,0,0,,0,0,,0,0,0,,1,0,1,0,Argo AI,0,0,0,1,1,0,0,,2022,2,0,2022,2,8:51,0,9e854367221d966,Washington DC,0,DC ,0,0,0,1,0,0,1,0,0,0,1,0,0,0,25.0,0,0,0,0,1,0,0,0,0,1,0,0,0,0,0,,Passenger Car,0,0,1,0,0,1,Proceeding Straight,0,0,0,0,0,0,0,1,0,0,0,0,0,Stopped,0,0,1,0.0,0,0,0,0,1,0,0,0,0,0,0,0,0,0,0,0,1,1,0,Yes,Metropolitan Police Department, ,Yes,[MAY CONTAIN PERSONALLY IDENTIFIABLE INFORMATION], ,,Y,,Y,"[REDACTED, MAY CONTAIN CONFIDENTIAL BUSINESS INFORMATION]",Y,"[REDACTED, MAY CONTAIN CONFIDENTIAL BUSINESS INFORMATION]",Y
30290-2471,1,Argo AI,0,0,0,1,0,3.0,2022.0,2022,3,3FA6P0MU9KR,0,Ford,Fusion,2019.0,f4ed5e3d6f6498b,13277.0,0,0,1,0,0,"[REDACTED, MAY CONTAIN CONFIDENTIAL BUSINESS INFORMATION]",0,1,,0,0,,0,0,,0,0,,0,0,0,,1,0,1,0,Argo AI,0,0,0,1,1,0,0,,2022,2,0,2022,2,8:51,0,9e854367221d966,Washington DC,0,DC ,0,0,0,1,0,0,1,0,0,0,1,0,0,0,25.0,0,0,0,0,1,0,0,0,0,1,0,0,0,0,0,,Passenger Car,0,0,1,0,0,1,Proceeding Straight,0,0,0,0,0,0,0,1,0,0,0,0,0,Stopped,0,0,1,0.0,0,0,0,0,1,0,0,0,0,0,0,0,0,0,0,0,1,1,0,Yes,Metropolitan Police Department, ,Yes,[MAY CONTAIN PERSONALLY IDENTIFIABLE INFORMATION], ,,Y,,Y,"[REDACTED, MAY CONTAIN CONFIDENTIAL BUSINESS INFORMATION]",Y,"[REDACTED, MAY CONTAIN CONFIDENTIAL BUSINESS INFORMATION]",Y
30270-2359,2,Waymo LLC,0,0,1,0,0,,,2022,2,1XPBD49X0ND,0,Peterbilt,579 Epiq,2022.0,e900e303012f4e3,42556.0,0,0,1,0,0,5th Generation ADS,0,0,,0,0,,0,0,,0,0,,0,0,0,,1,0,1,0,Waymo LLC,0,1,0,0,0,0,0,,2022,2,0,2022,2,10:30,0,8db2e10c839c6b3,Sacaton,0,AZ ,1,0,0,0,0,0,1,0,0,0,1,0,0,0,75.0,0,0,0,0,1,0,0,1,0,0,0,0,0,0,0,,Heavy Truck,0,0,1,0,0,1,Changing Lanes,0,1,0,0,1,0,0,1,0,0,1,0,0,Proceeding Straight,0,1,1,50.0,0,1,0,0,0,0,0,0,0,0,0,0,0,0,1,0,1,1,0,Yes,AZ Dept. of Public Safety, ,Yes,[MAY CONTAIN PERSONALLY IDENTIFIABLE INFORMATION], ,,Y,,Y,Yes, ,"The content of this report is unchanged from the initial report submitted on February [XXX], 2022 [Report ID #30270-2258-1]. 
On February [XXX], 2022 at 10:30 AM PST a Waymo Autonomous Vehicle ('Waymo AV') Peterbilt Class 8 semi-truck and trailer, operating in Gila River, AZ was in a collision involving a box truck on [XXX] south of [XXX]. 
The Waymo AV was traveling southbound on [XXX] in autonomous mode in the right lane, and a motor coach followed by a box truck were traveling in the adjacent left lane. Traffic in the left lane began to slow and the box truck steered to the right and crossed into the right lane before making contact with the passenger side rear corner of the motor coach and then making contact with the driver side rear axle of the Waymo AV trailer. At the time of the impact, the Waymo AV was in autonomous mode, and a test driver was present (in the driver's seating position). The Waymo AV trailer, motor coach, and box truck sustained damage. 
Waymo is reporting this crash under Request No. 1 of Standing General Order 2021-01 because a vehicle involved was towed away. Waymo may supplement or correct its reporting with additional information as it may become available. This report was submitted from the Pacific time zone on the required date.",
30270-2258,1,Waymo LLC,1,0,0,0,0,,,2022,2,1XPBD49X0ND,0,Peterbilt,579 Epiq,2022.0,e900e303012f4e3,42556.0,0,0,1,0,0,5th Generation ADS,0,0,,0,0,,0,0,,0,0,,0,0,0,,1,0,1,0,Waymo LLC,0,1,0,0,0,0,0,,2022,2,0,2022,2,10:30,0,8db2e10c839c6b3,Sacaton,0,AZ ,1,0,0,0,0,0,1,0,0,0,1,0,0,0,75.0,0,0,0,0,1,0,0,1,0,0,0,0,0,0,0,,Heavy Truck,0,0,1,0,0,1,Changing Lanes,0,1,0,0,1,0,0,1,0,0,1,0,0,Proceeding Straight,0,1,1,50.0,0,1,0,0,0,0,0,0,0,0,0,0,0,0,1,0,1,1,0,Yes,AZ Dept. of Public Safety, ,Yes,[MAY CONTAIN PERSONALLY IDENTIFIABLE INFORMATION], ,,Y,,Y,Yes, ,"On February [XXX], 2022 at 10:30 AM PST a Waymo Autonomous Vehicle (""Waymo AV"") Peterbilt Class 8 semi-truck and trailer, operating in Sacaton, AZ was in a collision involving a box truck on [XXX] south of [XXX]. 
The Waymo AV was traveling southbound on [XXX] in autonomous mode in the right lane, and a motor coach followed by a box truck were traveling in the adjacent left lane. Traffic in the left lane began to slow and the box truck steered to the right and crossed into the right lane before making contact with the passenger side rear corner of the motor coach and then making contact with the driver side rear axle of the Waymo AV trailer. At the time of the impact, the Waymo AV was in autonomous mode, and a test driver was present (in the driver's seating position). The Waymo AV trailer, motor coach, and box truck sustained damage. 
Waymo is reporting this crash under Request No. 1 of Standing General Order 2021-01 because a vehicle involved was towed away. Waymo may supplement or correct its reporting with additional information as it may become available. This report was submitted from the Pacific time zone on the required date.",
502-2178,2,Ford Motor Company,0,0,1,0,0,,,2022,2,1FMCU0DZ5LU,0,Ford,Escape,2020.0,1a89dae466c3bdd,1278.0,0,0,1,0,0,"[REDACTED, MAY CONTAIN CONFIDENTIAL BUSINESS INFORMATION]",0,1,,0,0,,0,0,,0,0,,0,0,0,,1,0,1,0,Argo AI,0,0,0,1,1,0,0,,2022,1,0,2022,1,12:22,0,0731be2bcb8ffde,Miami,0,FL ,0,0,0,1,0,0,1,0,0,0,1,0,0,0,30.0,0,0,0,0,1,0,0,1,0,0,0,0,0,0,0,,SUV,1,0,0,0,0,1,Making Right Turn,0,0,0,0,0,0,0,1,0,0,0,0,0,Making Right Turn,0,1,1,0.0,0,0,0,0,1,0,0,0,0,0,0,0,0,1,0,0,1,1,0,Yes,Miami Police Department, ,Yes,[MAY CONTAIN PERSONALLY IDENTIFIABLE INFORMATION], ,,Y,,Y,"[REDACTED, MAY CONTAIN CONFIDENTIAL BUSINESS INFORMATION]",Y,"[REDACTED, MAY CONTAIN CONFIDENTIAL BUSINESS INFORMATION]",Y
30290-2180,2,Argo AI,0,0,1,0,0,,,2022,2,1FMCU0DZ5LU,0,Ford,Escape,2020.0,1a89dae466c3bdd,1278.0,0,0,1,0,0,"[REDACTED, MAY CONTAIN CONFIDENTIAL BUSINESS INFORMATION]",0,1,,0,0,,0,0,,0,0,,0,0,0,,1,0,1,0,Argo AI,0,0,0,1,1,0,0,,2022,1,0,2022,1,12:22,0,0731be2bcb8ffde,Miami,0,FL ,0,0,0,1,0,0,1,0,0,0,1,0,0,0,30.0,0,0,0,0,1,0,0,1,0,0,0,0,0,0,0,,SUV,1,0,0,0,0,1,Making Right Turn,0,0,0,0,0,0,0,1,0,0,0,0,0,Making Right Turn,0,1,1,0.0,0,0,0,0,1,0,0,0,0,0,0,0,0,1,0,0,1,1,0,Yes,Miami Police Department, ,Yes,[MAY CONTAIN PERSONALLY IDENTIFIABLE INFORMATION], ,,Y,,Y,"[REDACTED, MAY CONTAIN CONFIDENTIAL BUSINESS INFORMATION]",Y,"[REDACTED, MAY CONTAIN CONFIDENTIAL BUSINESS INFORMATION]",Y
30610-2151,1,"Zoox, Inc.",0,0,0,1,0,12.0,2021.0,2022,1,5TDDCRFH6GS,0,Toyota,Highlander,2016.0,c45eb5dab0befec,79832.0,0,0,1,0,0,23.21.12.09,0,0,,0,0,,0,0,,0,0,,0,0,0,,1,1,0,0,Zoox Inc.,0,0,0,0,1,0,0,,2021,12,0,2021,12,22:15,0,b2e81debd54d53f,Las Vegas,0,NV ,0,0,0,0,1,0,0,0,0,1,1,0,0,0,,1,1,0,0,0,0,0,0,0,1,0,0,0,0,0,,SUV,0,0,1,0,0,0,Stopped,0,0,0,0,1,0,0,0,0,0,0,0,0,Proceeding Straight,0,0,1,1.0,0,0,0,0,0,0,0,0,0,1,0,0,1,0,1,0,1,0,0,No,, ,Yes,, ,, ,, ,Yes, ,"A Zoox vehicle was traveling through a hotel loading zone, when the driver's side door of a stopped passenger vehicle in the right adjacent lane opened, and made contact with the front right sensor of the Zoox vehicle. There were no injuries and the police were not called. Autonomy was engaged in the 30 second period prior to the collision.",
30531-1940,1,Transdev Alternative Services,0,0,0,1,0,11.0,2021.0,2021,12,2C4RC1K71HR,0,Chrysler,Pacifica,2017.0,6809bca2e95dc4f,20839.0,0,0,1,0,0,,1,0,,0,0,,0,0,,0,0,,0,0,0,,1,0,1,0,Waymo LLC.,0,0,0,1,0,0,0,,2021,11,0,2021,11,18:47,0,4e4a38ea028e125,Chandler,0,AZ ,0,1,0,0,0,0,1,0,0,0,1,0,0,0,25.0,0,1,0,0,0,0,0,1,0,0,0,0,0,0,0,,Passenger Car,0,0,1,0,0,1,Making Right Turn,0,0,0,0,0,0,0,0,0,0,1,0,0,Stopped,0,0,1,0.0,0,0,0,0,1,0,0,0,0,0,0,0,0,0,0,0,1,1,0,No,, ,Yes,, ,, ,, ,Yes, ,"On November [XXX], 2021 at 6:47 PM PST a Waymo Autonomous Vehicle ('Waymo AV') operating in Chandler, AZ was in a collision involving a passenger vehicle at a shopping mall parking lot exit at [XXX]. 
The Waymo AV was attempting a right turn from the [XXX] parking lot onto southbound [XXX] Road when it began yielding for approaching traffic and came to a stop. A passenger vehicle behind the Waymo AV then struck the rear of the Waymo AV. At the time of the impact, the Waymo AV's Level 4 ADS was engaged in autonomous mode, and a test driver was present (in the driver's seating position). The Waymo AV sustained minor damage, and the passenger vehicle sustained minor damage. 
Transdev Alternative Services is reporting this crash under Request No. 2 of Standing General Order 2021-01. Transdev may supplement or correct its reporting with additional information as it may become available. This report is a duplicate to Waymo LLC report WaymoLLC-202111[XXX]-0 (rev.202112[XXX]181322).",