Report ID,Report Version,Reporting Entity,Report_Type_1 Day Update,Report_Type_5 Day Update,Report_Type_10 Day Update,Report_Type_Monthly Report,"Report_Type_Updated, but no time indicated",Report Month,Report Year,Submission Year,Submission Month,VIN,VIN - Unknown,Make,Model,Model Year,Same Vehicle ID,Mileage,Mileage - Unknown,Driver / Operator Type_Consumer,Driver / Operator Type_In-Vehicle,Driver / Operator Type_Remote,Driver / Operator Type_None or Other,ADAS/ADS System Version,ADAS/ADS System Version - Unk,ADAS/ADS System Version CBI,ADAS/ADS Hardware Version,ADAS/ADS Hardware Version - Unk,ADAS/ADS Hardware Version CBI,ADAS/ADS Software Version,ADAS/ADS Software Version - Unk,ADAS/ADS Software Version CBI,Other Reporting Entities?,Other Reporting Entities? - Unk,Other Reporting Entities? - NA,Federal Regulatory Exemption?,Federal Reg. Exemption - Unk,Federal Reg. Exemption - No,State or Local Permit?,State or Local Permit,ADS Equipped?,Automation System Engaged_ADAS,Automation System Engaged_ADS,"Automation System Engaged_Unknown, see Narrative",Operating Entity,Source - Complaint/Claim,Source - Telematics,Source - Law Enforcement,Source - Field Report,Source - Testing,Source - Media,Source - Other,Source - Other Text,Incident Year,Incident Month,Incident Date - Unknown,Notice Received Year,Notice Received Month,Incident Time (24:00),Incident Time - Unknown,Same Incident ID,City,City - Unknown,State,Roadway Type_Highway / Freeway,Roadway Type_Intersection,Roadway Type_Parking Lot,Roadway Type_Street,Roadway Type_Traffic Circle,Roadway Type_Unknown,Roadway Surface_Dry,Roadway Surface_Snow / Slush / Ice,Roadway Surface_Unknown,Roadway Surface_Wet,Roadway Description_No Unusual Conditions,Roadway Description_Traffic Incident,Roadway Description_Work Zone,"Roadway Description_Other, Unknown or Missing",Posted Speed Limit (MPH),Posted Speed Limit - Unknown,Lighting_Dark - Lighted,Lighting_Dark - Not Lighted,Lighting_Dawn / Dusk,Lighting_Daylight,Lighting_Other or Unknown,Lighting_Dark - Unknown Lighting,Weather - Clear,Weather - Snow,Weather - Cloudy,Weather - Fog/Smoke,Weather - Rain,Weather - Severe Wind,Weather - Unknown,Weather - Other,Weather - Other Text,Crash With,Highest Injury Severity Alleged_Minor,Highest Injury Severity Alleged_Moderate,Highest Injury Severity Alleged_No Injuries Reported,Highest Injury Severity Alleged_Serious,Highest Injury Severity Alleged_Unknown,Property Damage?,CP Pre-Crash Movement,CP Any Air Bags Deployed?,CP Was Vehicle Towed?,CP Contact Area - Rear Left,CP Contact Area - Left,CP Contact Area - Front Left,CP Contact Area - Rear,CP Contact Area - Top,CP Contact Area - Front,CP Contact Area - Rear Right,CP Contact Area - Right,CP Contact Area - Front Right,CP Contact Area - Bottom,CP Contact Area - Unknown,SV Pre-Crash Movement,SV Any Air Bags Deployed?,SV Was Vehicle Towed?,SV Were All Passengers Belted?,SV Precrash Speed (MPH),SV Pre-crash Speed - Unknown,SV Contact Area - Rear Left,SV Contact Area - Left,SV Contact Area - Front Left,SV Contact Area - Rear,SV Contact Area - Top,SV Contact Area - Front,SV Contact Area - Rear Right,SV Contact Area - Right,SV Contact Area - Front Right,SV Contact Area - Bottom,SV Contact Area - Unknown,Data Availability - EDR,Data Availability - Police Rpt,Data Availability - Telematics,Data Availability - Complaints,Data Availability - Video,Data Availability - Other,Data Availability - Unknown,Law Enforcement Investigating?,Investigating Agency,Investigating Agency - Unknown,Rep Ent Or Mfr Investigating?,Investigating Officer Name,Inv. Officer Name - Unknown,Investigating Officer Phone,Inv. Officer Phone - Unknown,Investigating Officer Email,Inv. Officer Email - Unknown,Within ODD?,Within ODD? - CBI,Narrative,Narrative - CBI?
30270-1923,1,Waymo LLC,0,0,0,1,0,11.0,2021.0,2021,12,2C4RC1K71HR,0,Chrysler,Pacifica,2017.0,6809bca2e95dc4f,20839.0,0,0,1,0,0,4th Generation ADS,0,0,,0,0,,0,0,,0,0,,0,0,0,,1,0,1,0,Waymo LLC,0,1,0,0,0,0,0,,2021,11,0,2021,11,18:47,0,4e4a38ea028e125,Chandler,0,AZ ,0,1,0,0,0,0,1,0,0,0,1,0,0,0,25.0,0,1,0,0,0,0,0,1,0,0,0,0,0,0,0,,Passenger Car,0,0,1,0,0,1,Making Right Turn,0,0,0,0,0,0,0,0,0,0,1,0,0,Stopped,0,0,1,0.0,0,0,0,0,1,0,0,0,0,0,0,0,0,0,1,0,1,1,0,No,, ,Yes,, ,, ,, ,Yes, ,"On November [XXX], 2021 at 6:47 PM PST a Waymo Autonomous Vehicle ('Waymo AV') operating in Chandler, AZ was in a collision involving a passenger vehicle at a shopping mall parking lot exit at [XXX]. 
The Waymo AV was attempting a right turn from the [XXX] parking lot onto southbound Price Road when it began yielding for approaching traffic and came to a stop. A passenger vehicle behind the Waymo AV then struck the rear of the Waymo AV. At the time of the impact, the Waymo AV's Level 4 ADS was engaged in autonomous mode, and a test driver was present (in the driver's seating position). The Waymo AV sustained minor damage, and the passenger vehicle sustained minor damage. 
Waymo is reporting this crash under Request No. 2 of Standing General Order 2021-01. Waymo may supplement or correct its reporting with additional information as it may become available. This report was submitted from the Pacific time zone on the required date.",
30531-1782,2,Transdev Alternative Services,0,0,1,0,0,,,2021,12,SADHW2S16M1,0,Jaguar,I-Pace,2021.0,cf331f383ea5d94,23878.0,0,0,1,0,0,,1,0,,0,0,,0,0,,0,0,,0,0,0,,1,0,1,0,Waymo LLC.,0,0,0,1,0,0,0,,2021,11,0,2021,11,00:39,0,8f5dc21a34007ed,Phoenix,0,AZ ,0,1,0,0,0,0,1,0,0,0,1,0,0,0,35.0,0,0,0,0,1,0,0,1,0,0,0,0,0,0,0,,Passenger Car,0,0,0,0,1,1,Proceeding Straight,1,1,0,0,1,0,0,1,0,0,1,0,0,Stopped,0,1,1,0.0,0,1,0,0,1,0,0,1,0,0,0,0,0,0,0,0,1,1,0,Yes,Phoenix Police Department, ,Yes,[MAY CONTAIN PERSONALLY IDENTIFIABLE INFORMATION], ,[MAY CONTAIN PERSONALLY IDENTIFIABLE INFORMATION], ,,Y,Yes, ,"The content of this report is unchanged from the initial report submitted on November [XXX], 2021 [Report ID # 30531-1782-2]. 
On November [XXX], 2021 at 12:39 AM PST a Waymo Autonomous Vehicle ('Waymo AV') operating in Phoenix, AZ was in a collision involving a passenger vehicle at [XXX] and [XXX]. 
The Waymo AV was stopped at a right light on southbound [XXX] at [XXX] when a passenger vehicle struck the Waymo AV's rear bumper. At the time of the impact, the Waymo AV's Level 4 ADS was engaged in autonomous mode, and a test driver was present (in the driver's seating position). The Waymo AV's rear bumper and undercarriage sustained damage, and the passenger vehicle's front bumper and hood sustained damage.
Transdev Alternative Services is reporting this crash under Request No. 1 of Standing General Order 2021-01. Transdev may supplement or correct its reporting with additional information as it may become available. This report is a duplicate to Waymo's original report WaymoLLC-202111[XXX]-0 (rev.202111[XXX]125446).",
30270-1813,1,Waymo LLC,1,0,0,0,0,,,2021,12,SADHW2S16M1,0,Jaguar,I-Pace,2021.0,cf331f383ea5d94,23878.0,0,0,1,0,0,5th Generation ADS,0,0,,0,0,,0,0,,0,0,,0,0,0,,1,0,1,0,Waymo LLC,0,1,0,0,0,0,0,,2021,11,0,2021,11,00:39,0,8f5dc21a34007ed,Phoenix,0,AZ ,0,1,0,0,0,0,1,0,0,0,1,0,0,0,35.0,0,1,0,0,0,0,0,1,0,0,0,0,0,0,0,,Passenger Car,0,0,0,0,1,1,Proceeding Straight,1,1,0,0,1,0,0,1,0,0,1,0,0,Stopped,0,1,1,0.0,0,1,0,0,1,0,0,1,0,0,0,0,0,0,1,0,1,1,0,Yes,Phoenix Police Department, ,Yes,[MAY CONTAIN PERSONALLY IDENTIFIABLE INFORMATION], ,[MAY CONTAIN PERSONALLY IDENTIFIABLE INFORMATION], ,,Y,Yes, ,"The content of this report is unchanged from the initial report submitted on November [XXX], 2021 [Report ID # 30270-1778-1]. 
On November [XXX], 2021 at 12:39 AM PST a Waymo Autonomous Vehicle ('Waymo AV') operating in Phoenix, AZ was in a collision involving a passenger vehicle at [XXX] and [XXX]. 
The Waymo AV was stopped at a red light on southbound [XXX] at [XXX] when a passenger vehicle struck the Waymo AV's rear bumper. At the time of the impact, the Waymo AV's Level 4 ADS was engaged in autonomous mode, and a test driver was present (in the driver's seating position). The Waymo AV's rear bumper and undercarriage sustained damage, and the passenger vehicle's front bumper and hood sustained damage.
Waymo is reporting this crash under Request No. 1 of Standing General Order 2021-01. Waymo may supplement or correct its reporting with additional information as it may become available. This report was submitted from the Pacific time zone on the required date.",
30270-1778,1,Waymo LLC,1,0,0,0,0,,,2021,11,SADHW2S16M1,0,Jaguar,I-Pace,2021.0,cf331f383ea5d94,23878.0,0,0,1,0,0,5th Generation ADS,0,0,,0,0,,0,0,,0,0,,0,0,0,,1,0,1,0,Waymo LLC,0,1,0,0,0,0,0,,2021,11,0,2021,11,00:39,0,8f5dc21a34007ed,Phoenix,0,AZ ,0,1,0,0,0,0,1,0,0,0,1,0,0,0,35.0,0,1,0,0,0,0,0,1,0,0,0,0,0,0,0,,Passenger Car,0,0,0,0,1,1,Proceeding Straight,1,1,0,0,1,0,0,1,0,0,1,0,0,Stopped,0,1,1,0.0,0,1,0,0,1,0,0,1,0,0,0,0,0,0,1,0,1,1,0,Yes,Phoenix Police Department, ,Yes,[MAY CONTAIN PERSONALLY IDENTIFIABLE INFORMATION], ,[MAY CONTAIN PERSONALLY IDENTIFIABLE INFORMATION], ,,Y,Yes, ,"On November [XXX], 2021 at 12:39 AM PST a Waymo Autonomous Vehicle ('Waymo AV') operating in Phoenix, AZ was in a collision involving a passenger vehicle at [XXX] and [XXX]. 
The Waymo AV was stopped at a red light on southbound [XXX] at [XXX] when a passenger vehicle struck the Waymo AV's rear bumper. At the time of the impact, the Waymo AV's Level 4 ADS was engaged in autonomous mode, and a test driver was present (in the driver's seating position). The Waymo AV's rear bumper and undercarriage sustained damage, and the passenger vehicle's front bumper and hood sustained damage.
Waymo is reporting this crash under Request No. 1 of Standing General Order 2021-01. Waymo may supplement or correct its reporting with additional information as it may become available. This report was submitted from the Pacific time zone on the required date.",
30270-1730,1,Waymo LLC,0,0,0,1,0,10.0,2021.0,2021,11,2C4RC1K73HR,0,Chrysler,Pacifica,2017.0,6d49baca1da8d0f,20619.0,0,0,0,0,1,4th Generation ADS,0,0,,0,0,,0,0,,0,0,,0,0,0,,1,0,1,0,Waymo LLC,0,1,0,0,0,0,0,,2021,10,0,2021,10,13:48,0,f9d5189db0a4978,Mesa,0,AZ ,0,0,0,1,0,0,1,0,0,0,1,0,0,0,25.0,0,0,0,0,1,0,0,1,0,0,0,0,0,0,0,,SUV,0,0,1,0,0,1,Backing,0,0,0,0,0,0,0,0,0,0,0,0,1,Parked,0,0,0,0.0,0,0,0,0,1,0,0,1,0,0,0,0,0,0,1,0,1,1,0,No,, ,Yes,, ,, ,, ,Yes, ,"On October [XXX], 2021 at 1:48 PM PDT a Waymo Autonomous Vehicle (""Waymo AV"") operating in Mesa, AZ was in a collision involving an SUV on the 700 block of [XXX]. 
The Waymo AV was stopped in front of a residential home when an SUV began to reverse out of the home's driveway. While reversing, the SUV's rear bumper made contact with the Waymo AV's trunk. The Waymo AV sustained minor damage to its trunk. At the time of the impact, the Waymo's Level 4 ADS was engaged in autonomous mode.
Waymo is reporting this crash under Request No. 2 of Standing General Order 2021-01. Waymo may supplement or correct its reporting with additional information as it may become available. This report was submitted from the Pacific time zone on the required date.",
30414-1719,1,Easymile Inc.,0,0,0,1,0,10.0,2021.0,2021,11,VJRD1A10224,0,EZ10,GEN2,2018.0,4e9cb8fb52e18e3,2841.0,0,0,1,0,0,"[REDACTED, MAY CONTAIN CONFIDENTIAL BUSINESS INFORMATION]",0,1,,0,0,,0,0,,0,0,,0,0,0,,1,0,1,0,Colorado School of Mines,0,0,0,1,0,0,0,,2021,10,0,2021,10,08:23,0,d13b625868eb7b9,Golden,0,CO ,0,0,0,1,0,0,1,0,0,0,1,0,0,0,25.0,0,0,0,0,1,0,0,1,0,0,0,0,0,0,0,,Passenger Car,0,0,1,0,0,0,Proceeding Straight,0,0,0,0,1,0,0,1,0,0,1,0,0,Stopped,0,1,0,0.0,0,1,0,0,1,0,0,1,0,0,0,0,0,1,1,0,1,0,0,Yes,City of Golden Police, ,Yes,[MAY CONTAIN PERSONALLY IDENTIFIABLE INFORMATION], ,[MAY CONTAIN PERSONALLY IDENTIFIABLE INFORMATION], ,[MAY CONTAIN PERSONALLY IDENTIFIABLE INFORMATION], ,"[REDACTED, MAY CONTAIN CONFIDENTIAL BUSINESS INFORMATION]",Y,"[REDACTED, MAY CONTAIN CONFIDENTIAL BUSINESS INFORMATION]",Y
30414-1718,1,Easymile Inc.,0,0,0,1,0,10.0,2021.0,2021,11,VJRD1A10224,0,EZ10,GEN2,2018.0,55e7d3bb07f1df3,1894.0,0,0,1,0,0,"[REDACTED, MAY CONTAIN CONFIDENTIAL BUSINESS INFORMATION]",0,1,,0,0,,0,0,,0,0,,0,0,0,,1,0,1,0,Colorado School of Mines,0,0,0,1,0,0,0,,2021,10,0,2021,10,15:15,0,73fa3c3b60dbdec,Golden,0,CO ,0,0,0,1,0,0,1,0,0,0,1,0,0,0,9.0,0,0,0,0,1,0,0,1,0,0,0,0,0,0,0,,Non-Motorist: Cyclist,0,0,1,0,0,0,Proceeding Straight,0,0,0,0,0,0,0,0,0,0,0,0,0,Stopped,0,0,0,7.0,0,0,0,0,0,0,0,0,0,0,0,1,0,0,0,0,1,0,0,No,, ,Yes,, ,, ,, ,"[REDACTED, MAY CONTAIN CONFIDENTIAL BUSINESS INFORMATION]",Y,"[REDACTED, MAY CONTAIN CONFIDENTIAL BUSINESS INFORMATION]",Y
30414-1540,2,Easymile Inc.,0,0,1,0,0,,,2021,11,VJRD1A10224,0,EZ10,GEN2,2018.0,55e7d3bb07f1df3,1894.0,0,0,1,0,0,"[REDACTED, MAY CONTAIN CONFIDENTIAL BUSINESS INFORMATION]",0,1,,0,0,,0,0,,0,0,,0,0,0,,1,0,1,0,Colorado School of Mines,0,0,0,1,0,0,0,,2021,10,0,2021,10,15:15,0,73fa3c3b60dbdec,Golden,0,CO ,0,0,0,1,0,0,1,0,0,0,1,0,0,0,9.0,0,0,0,0,1,0,0,1,0,0,0,0,0,0,0,,Non-Motorist: Cyclist,0,0,1,0,0,0,Proceeding Straight,0,0,0,0,0,0,0,0,0,0,0,0,0,Stopped,0,0,0,7.0,0,0,0,0,0,0,0,0,0,0,0,1,0,0,0,0,1,0,0,No,, ,Yes,, ,, ,, ,"[REDACTED, MAY CONTAIN CONFIDENTIAL BUSINESS INFORMATION]",Y,"[REDACTED, MAY CONTAIN CONFIDENTIAL BUSINESS INFORMATION]",Y
30414-1391,2,Easymile Inc.,0,0,1,0,0,,,2021,11,VJRD1A10224,0,EZ10,GEN2,2018.0,4e9cb8fb52e18e3,2841.0,0,0,1,0,0,"[REDACTED, MAY CONTAIN CONFIDENTIAL BUSINESS INFORMATION]",0,1,,0,0,,0,0,,0,0,,0,0,0,,1,0,1,0,Colorado School of Mines,0,0,0,1,0,0,0,,2021,10,0,2021,10,08:23,0,d13b625868eb7b9,Golden,0,CO ,0,0,0,1,0,0,1,0,0,0,1,0,0,0,0.0,0,0,0,0,1,0,0,1,0,0,0,0,0,0,0,,Passenger Car,0,0,1,0,0,0,Proceeding Straight,0,0,0,0,1,0,0,1,0,0,1,0,0,Stopped,0,1,0,0.0,0,1,0,0,1,0,0,1,0,0,0,0,0,1,1,0,1,0,0,Yes,City of Golden Police, ,Yes,[MAY CONTAIN PERSONALLY IDENTIFIABLE INFORMATION], ,[MAY CONTAIN PERSONALLY IDENTIFIABLE INFORMATION], ,[MAY CONTAIN PERSONALLY IDENTIFIABLE INFORMATION], ,"[REDACTED, MAY CONTAIN CONFIDENTIAL BUSINESS INFORMATION]",Y,"[REDACTED, MAY CONTAIN CONFIDENTIAL BUSINESS INFORMATION]",Y
30270-1583,1,Waymo LLC,1,0,0,0,0,,,2021,11,2C4RC1K70HR,0,Chrysler,Pacifica,2017.0,142fc9bec7dfe3e,18698.0,0,0,0,0,1,4th Generation ADS,0,0,,0,0,,0,0,,0,0,,0,0,0,,1,0,1,0,Waymo LLC,0,1,0,0,0,0,0,,2021,10,0,2021,10,14:44,0,6f2cffa37c36b66,Chandler,0,AZ ,0,1,0,0,0,0,1,0,0,0,1,0,0,0,45.0,0,0,0,0,1,0,0,1,0,0,0,0,0,0,0,,Passenger Car,0,0,1,0,0,1,Changing Lanes,0,0,1,0,0,1,0,0,1,0,0,0,0,Proceeding Straight,0,1,0,21.0,0,0,0,1,0,0,1,0,0,0,0,0,0,0,1,0,1,1,0,No,, ,Yes,, ,, ,, ,Yes, ,"Other than the addition of the zip code in which the incident occurred, the content of this report is unchanged from the initial report submitted on October [XXX], 2021 [Report ID # 30270-1535-1]. 
On October [XXX], 2021 at 2:44 PM PDT a Waymo Autonomous Vehicle (""Waymo AV"") operating in Chandler, AZ was in a collision involving a passenger car at [XXX] and [XXX].
The Waymo AV was traveling eastbound on [XXX] when it approached [XXX]. As the traffic signal turned yellow, a passenger vehicle in the left adjacent lane changed lanes to the right in front of the Waymo AV and immediately braked. The Waymo AV exerted maximum brake force to avoid contact, but  was unable to stop before making contact with the rear of the passenger vehicle, which had entered the intersection and was still braking. At the time of contact, the Waymo AV was traveling at approximately 21 mph and the passenger vehicle was traveling at approximately 10 mph. The Waymo AV sustained minor damage to its front bumper, and the passenger vehicle sustained moderate damage to its rear bumper. At the time of the impact, the Waymo AV's Level 4 ADS was engaged in autonomous mode.
Waymo is reporting this crash under Request No. 1 of Standing General Order 2021-01 because a vehicle involved was towed away. Waymo may supplement or correct its reporting with additional information as it may become available. This report was submitted from the Pacific time zone on the required date.x",
30270-1535,1,Waymo LLC,1,0,0,0,0,,,2021,10,2C4RC1K70HR,0,Chrysler,Pacifica,2017.0,142fc9bec7dfe3e,18698.0,0,0,0,0,1,4th Generation ADS,0,0,,0,0,,0,0,,0,0,,0,0,0,,1,0,1,0,Waymo LLC,0,1,0,0,0,0,0,,2021,10,0,2021,10,14:44,0,6f2cffa37c36b66,Chandler,0,AZ ,0,1,0,0,0,0,1,0,0,0,1,0,0,0,45.0,0,0,0,0,1,0,0,1,0,0,0,0,0,0,0,,Passenger Car,0,0,1,0,0,1,Changing Lanes,0,0,1,0,0,1,0,0,1,0,0,0,0,Proceeding Straight,0,1,0,21.0,0,0,0,1,0,0,1,0,0,0,0,0,0,0,1,0,1,1,0,No,, ,Yes,, ,, ,, ,Yes, ,"On October [XXX], 2021 at 2:44 PM PDT a Waymo Autonomous Vehicle ('Waymo AV') operating in Chandler, AZ was in a collision involving a passenger car at [XXX] and [XXX].
The Waymo AV was traveling eastbound on [XXX] when it approached [XXX]. As the traffic signal turned yellow, a passenger vehicle in the left adjacent lane changed lanes to the right in front of the Waymo AV and immediately braked. The Waymo AV exerted maximum brake force to avoid contact, but was unable to stop before making contact with the rear of the passenger vehicle, which had entered the intersection and was still braking. At the time of contact, the Waymo AV was traveling at approximately 21 mph and the passenger vehicle was traveling at approximately 10 mph. The Waymo AV sustained minor damage to its front bumper, and the passenger vehicle sustained moderate damage to its rear bumper. At the time of the impact, the Waymo AV's Level 4 ADS was engaged in autonomous mode.
Waymo is reporting this crash under Request No. 1 of Standing General Order 2021-01 because a vehicle involved was towed away. Waymo may supplement or correct its reporting with additional information as it may become available. This report was submitted from the Pacific time zone on the required date.",
30531-1506,1,Transdev Alternative Services,0,0,0,1,0,9.0,2021.0,2021,10,2C4RC1K70HR,0,Chrysler,Pacifica,2017.0,142fc9bec7dfe3e,1702.0,0,0,1,0,0,,1,0,,0,0,,0,0,,0,0,,0,0,0,,1,0,1,0,Waymo LLC.,0,0,0,1,0,0,0,,2021,9,0,2021,9,01:58,0,8f3b21803d476fa,Tempe,0,AZ ,0,0,1,0,0,0,1,0,0,0,1,0,0,0,15.0,0,1,0,0,0,0,0,1,0,0,0,0,0,0,0,,Passenger Car,0,0,1,0,0,1,Backing,0,0,0,0,0,0,0,0,0,0,0,0,1,Stopped,0,0,1,0.0,0,0,1,0,0,0,0,0,0,0,0,0,0,0,0,0,1,1,0,No,, ,Yes,, ,, ,, ,Yes, ,"On September [XXX], 2021 at 1:58 AM PDT a Waymo Autonomous Vehicle (""Waymo AV"") operating in Tempe, AZ was in a collision involving a passenger car in a parking lot at [XXX]. 
The Waymo AV was stationary in a parking lot aisle, waiting to pick up passengers. A passenger vehicle on the left of the Waymo AV reversed out of a parking spot and the rear bumper on the driver's side of that vehicle made contact with the Waymo AV's driver's side rear passenger door. The Waymo AV was operating without a human driver, and the Waymo AV's Level 4 ADS was engaged in autonomous mode. The Waymo AV sustained minor damage to its driver's side rear passenger door and the passenger vehicle left the scene before exchanging information.
Transdev Alternative Services is reporting this duplicate crash report under Request No. 2 of Standing General Order 2021-01. Transdev will supplement or correct its reporting with additional information as it may become available.",
30531-1200,3,Transdev Alternative Services,0,0,0,0,1,9.0,2021.0,2021,10,2C4RC1K78HR,0,Chrysler,Pacifica,2017.0,885ecf217c72a7b,120658.0,0,0,1,0,0,,1,0,,0,0,,0,0,,0,0,,0,0,0,,1,0,1,0,"Waymo, LLC.",0,1,0,1,0,0,0,,2021,9,0,2021,9,13:54,0,857232881f1c3c0,Tempe,0,AZ ,0,0,0,1,0,0,1,0,0,0,1,0,0,0,45.0,0,0,0,0,1,0,0,1,0,0,0,0,0,0,0,,Pickup Truck,0,0,1,0,0,1,Making Left Turn,0,0,0,1,0,0,0,0,0,0,0,0,0,Stopped,0,1,1,0.0,0,1,0,0,0,0,0,0,0,0,0,0,0,0,1,0,1,0,0,No,, ,Yes,, ,, ,, ,Yes, ,"On September [XXX], 2021 at 1:54 PM PDT, a Wyamo autonomous vehicles (""Waymo AV"") operating in Tempe, AZ was in a collision involving a pickup truck on [XXX] Dr. at [XXX]. While in autonomous mode, the Waymo AV began to enter the right lane of a protected double left turn (lane 2) from northbound S. [XXX] to westbound [XXX]. A pickup truck heading southbound on [XXX] had completely crossed the solid double yellow lines of the northbound double left turn lanes and positioned itself in the left lane of the double turn lane (""lane 1) facing the wrong direction against traffic and was preparing to make a left turn across lane 2 and the other northbound lanes into the a shopping center parking lot on the east side of [XXX]. 
The Waymo AV was traveling in the left lane when the pickup truck began to initiate its left turn from lane 1. The Waymo AV braked and the trained human driver in the Waymo AV (in the drivers seating position) transitioned the vehicle from autonomous mode to manual mode. As the pickup truck made the left turn, the drivers side panels of the pickup truck made contact with the drivers side corner of the Waymo AV, causing moderate damage to the Waymo AV. Damage to the pickup truck is currently unknown. At the time of contact the Waymo AV was in manual mode. 
Transdev Alternative Services is reporting this crash under Request No. 1 of Standing General Order 2021-01 because the Waymo AV was towed away from the scene. Transdev may supplement or update it's reporting with additional information as it may become available. Note: This report is a duplicate to Waymo LLC report (WaymoLLC-202109[XXX]-0 (rev.202109[XXX]174039).
No monthly update to narrative.",
30270-1501,1,Waymo LLC,0,0,0,1,0,9.0,2021.0,2021,10,2C4RC1K70HR,0,Chrysler,Pacifica,2017.0,142fc9bec7dfe3e,17012.0,0,0,0,0,1,4th Generation ADS,0,0,,0,0,,0,0,,0,0,,0,0,0,,1,0,1,0,Waymo LLC,0,1,0,0,0,0,0,,2021,9,0,2021,9,01:58,0,8f3b21803d476fa,Tempe,0,AZ ,0,0,1,0,0,0,1,0,0,0,1,0,0,0,15.0,0,1,0,0,0,0,0,1,0,0,0,0,0,0,0,,Passenger Car,0,0,1,0,0,1,Backing,0,0,0,0,0,0,0,0,0,0,0,0,1,Stopped,0,0,0,0.0,0,0,1,0,0,0,0,0,0,0,0,0,0,0,1,0,1,1,0,No,, ,Yes,, ,, ,, ,Yes, ,"On September [XXX], 2021 at 1:58 AM PDT a Waymo Autonomous Vehicle ('Waymo AV') operating in Tempe, AZ was in a collision involving a passenger car in a parking lot at [XXX]. 
The Waymo AV was stationary in a parking lot aisle, waiting to pick up passengers. A passenger vehicle on the left of the Waymo AV reversed out of a parking spot and the rear bumper on the driver's side of that vehicle made contact with the Waymo AV's driver's side rear passenger door. The Waymo AV was operating without a human driver, and the Waymo AV's Level 4 ADS was engaged in autonomous mode. The Waymo AV sustained minor damage to its driver's side rear passenger door and the passenger vehicle left the scene before exchanging information.
Waymo is reporting this crash under Request No. 2 of Standing General Order 2021-01. Waymo will supplement or correct its reporting with additional information as it may become available. This report was submitted from the Pacific time zone on the required date.",
30415-1317,1,NAVYA Inc.,1,0,0,0,0,,,2021,9,,1,NAVYA,Arma ,2016.0, ,,1,1,0,0,0,4.11.3,0,0,,0,0,,0,0,,0,0,,0,0,0,,1,0,1,0,,0,0,0,1,0,0,0,,2021,9,0,2021,9,16:43,0, ,Orlando,0,FL ,0,0,0,1,0,0,1,0,0,0,1,0,0,0,,1,0,0,0,1,0,0,1,0,0,0,0,0,0,0,,"Other, see Narrative",0,0,1,0,0,0,Stopped,0,0,0,0,0,0,0,0,0,0,0,0,1,Proceeding Straight,0,0,0,,1,0,0,0,0,0,0,0,0,0,1,0,0,0,0,0,0,0,0,No,, ,Yes,, ,, ,, ,Yes, ,"Shuttle P115 (Vin#VG9A2CB2CIV[XXX]) Shuttle was operating autonomously on route when it approached a pallet in the roadway. The shuttle made contact with the pallet prior to the attendant stopping the shuttle.According to Beep, the pallet height was just below that of the bottom most front LiDAR sensor.no severe damage, only light scratches on the underside of the shuttle grill.Beep was not able to provide any additional information, they did not take any photos of the pallet or UI events interface at the time of the incident.                                                                                                                                                                                                      ",
30490-1314,1,"Beep, Inc.",0,0,0,1,0,9.0,2021.0,2021,9,1L9L0CAL6JA,0,Local Motors,Olli 1.0,2019.0,89f8993ae749784,0.0,0,0,1,0,0,Olli 1.0,0,0,,0,0,,0,0,,0,0,,0,0,0,,1,0,1,0,"Beep, Inc.",0,0,0,0,0,0,1,Command Center,2021,8,0,2021,8,17:00,0,baeffc44f80381e,Mammoth,0,WY ,0,0,1,0,0,0,1,0,0,0,1,0,0,0,15.0,0,0,0,0,1,0,0,1,0,0,0,0,0,0,0,,Passenger Car,0,0,1,0,0,1,Backing,0,0,0,0,0,0,0,0,1,0,0,0,0,Proceeding Straight,0,0,0,7.0,0,0,0,0,0,0,0,0,0,1,0,0,0,0,1,0,1,1,0,Yes,National Park Service, ,Yes,[MAY CONTAIN PERSONALLY IDENTIFIABLE INFORMATION], ,[MAY CONTAIN PERSONALLY IDENTIFIABLE INFORMATION], ,[MAY CONTAIN PERSONALLY IDENTIFIABLE INFORMATION], ,"No, see Narrative", ,"A Local Motors electric Olli shuttle (V1.0), VIN equipped with the Robotic Research autonomy kit (enabling autonomous steering, acceleration, deceleration, and braking (AutoDrive)), was proceeding forward in autonomous mode through a parking lot in Yellowstone National Park. A parked passenger vehicle began reversing into the path of the Olli without signaling or yielding the right of way to oncoming shuttle. The autonomy system detected the encroaching vehicle and commanded a braking event, which began deceleration of the Olli.  Though the Olli was nearly stopped by the time the of the accident, a collision still occurred, causing damage to the right rear of the passenger vehicle.  For reference this incident is under review with the Box-7 Team at NHTSA.",