Report ID,Report Version,Reporting Entity,Report_Type_1 Day Update,Report_Type_5 Day Update,Report_Type_10 Day Update,Report_Type_Monthly Report,"Report_Type_Updated, but no time indicated",Report Month,Report Year,Submission Year,Submission Month,VIN,VIN - Unknown,Make,Model,Model Year,Same Vehicle ID,Mileage,Mileage - Unknown,Driver / Operator Type_Consumer,Driver / Operator Type_In-Vehicle,Driver / Operator Type_Remote,Driver / Operator Type_None or Other,ADAS/ADS System Version,ADAS/ADS System Version - Unk,ADAS/ADS System Version CBI,ADAS/ADS Hardware Version,ADAS/ADS Hardware Version - Unk,ADAS/ADS Hardware Version CBI,ADAS/ADS Software Version,ADAS/ADS Software Version - Unk,ADAS/ADS Software Version CBI,Other Reporting Entities?,Other Reporting Entities? - Unk,Other Reporting Entities? - NA,Federal Regulatory Exemption?,Federal Reg. Exemption - Unk,Federal Reg. Exemption - No,State or Local Permit?,State or Local Permit,ADS Equipped?,Automation System Engaged_ADAS,Automation System Engaged_ADS,"Automation System Engaged_Unknown, see Narrative",Operating Entity,Source - Complaint/Claim,Source - Telematics,Source - Law Enforcement,Source - Field Report,Source - Testing,Source - Media,Source - Other,Source - Other Text,Incident Year,Incident Month,Incident Date - Unknown,Notice Received Year,Notice Received Month,Incident Time (24:00),Incident Time - Unknown,Same Incident ID,City,City - Unknown,State,Roadway Type_Highway / Freeway,Roadway Type_Intersection,Roadway Type_Parking Lot,Roadway Type_Street,Roadway Type_Traffic Circle,Roadway Type_Unknown,Roadway Surface_Dry,Roadway Surface_Snow / Slush / Ice,Roadway Surface_Unknown,Roadway Surface_Wet,Roadway Description_No Unusual Conditions,Roadway Description_Traffic Incident,Roadway Description_Work Zone,"Roadway Description_Other, Unknown or Missing",Posted Speed Limit (MPH),Posted Speed Limit - Unknown,Lighting_Dark - Lighted,Lighting_Dark - Not Lighted,Lighting_Dawn / Dusk,Lighting_Daylight,Lighting_Other or Unknown,Lighting_Dark - Unknown Lighting,Weather - Clear,Weather - Snow,Weather - Cloudy,Weather - Fog/Smoke,Weather - Rain,Weather - Severe Wind,Weather - Unknown,Weather - Other,Weather - Other Text,Crash With,Highest Injury Severity Alleged_Minor,Highest Injury Severity Alleged_Moderate,Highest Injury Severity Alleged_No Injuries Reported,Highest Injury Severity Alleged_Serious,Highest Injury Severity Alleged_Unknown,Property Damage?,CP Pre-Crash Movement,CP Any Air Bags Deployed?,CP Was Vehicle Towed?,CP Contact Area - Rear Left,CP Contact Area - Left,CP Contact Area - Front Left,CP Contact Area - Rear,CP Contact Area - Top,CP Contact Area - Front,CP Contact Area - Rear Right,CP Contact Area - Right,CP Contact Area - Front Right,CP Contact Area - Bottom,CP Contact Area - Unknown,SV Pre-Crash Movement,SV Any Air Bags Deployed?,SV Was Vehicle Towed?,SV Were All Passengers Belted?,SV Precrash Speed (MPH),SV Pre-crash Speed - Unknown,SV Contact Area - Rear Left,SV Contact Area - Left,SV Contact Area - Front Left,SV Contact Area - Rear,SV Contact Area - Top,SV Contact Area - Front,SV Contact Area - Rear Right,SV Contact Area - Right,SV Contact Area - Front Right,SV Contact Area - Bottom,SV Contact Area - Unknown,Data Availability - EDR,Data Availability - Police Rpt,Data Availability - Telematics,Data Availability - Complaints,Data Availability - Video,Data Availability - Other,Data Availability - Unknown,Law Enforcement Investigating?,Investigating Agency,Investigating Agency - Unknown,Rep Ent Or Mfr Investigating?,Investigating Officer Name,Inv. Officer Name - Unknown,Investigating Officer Phone,Inv. Officer Phone - Unknown,Investigating Officer Email,Inv. Officer Email - Unknown,Within ODD?,Within ODD? - CBI,Narrative,Narrative - CBI?
30830-1297,1,Local Motors Industries,0,0,0,1,0,9.0,2021.0,2021,9,1L9L0CAL6JA,0,OLLI,1.0,2019.0,89f8993ae749784,,1,0,1,0,0,Robotic Research Autodrive,0,0,,0,0,,0,0,,0,0,,0,0,0,,1,0,1,0,BEEP,0,0,0,0,1,0,1,Testing under Box-7,2021,8,0,2021,8,,1,baeffc44f80381e,,1,WY ,0,0,1,0,0,0,1,0,0,0,1,0,0,0,,1,0,0,0,1,0,0,1,0,0,0,0,0,0,0,,Passenger Car,0,0,1,0,0,1,Backing,0,0,0,0,0,0,0,0,1,0,0,1,0,Proceeding Straight,0,0,0,6.0,0,0,0,0,0,0,0,0,0,1,1,0,1,1,0,0,1,0,0,Yes,Yellowstone Park ranger, ,Yes,,Y,,Y,,Y,Yes, ,"A Local Motors electric Olli shuttle (V1.0), equipped with the Robotic 
Research autonomy kit (enabling autonomous steering, acceleration, 
deceleration, and braking (AutoDrive)), was proceeding forward in autonomous 
mode through a parking lot in Yellowstone National Park. A parked passenger 
vehicle began reversing into the path of the Olli without signaling or yielding the right of way to the oncoming shuttle. The autonomy system detected the encroaching vehicle and commanded a braking event, which began deceleration of the Olli.  Though the Olli was nearly stopped by the time the of the accident, a collision still occurred, causing damage to the right rear of the passenger vehicle.  For reference this incident is under review with the Box-7 Team at NHTSA.",
30290-1279,1,Argo AI,0,0,0,1,0,9.0,2021.0,2021,9,3FA6P0MU4KR,0,Ford,Fusion,2019.0,6d525d9e8ed29e1,9783.0,0,0,1,0,0,"[REDACTED, MAY CONTAIN CONFIDENTIAL BUSINESS INFORMATION]",0,1,,0,0,,0,0,,0,0,,0,0,0,,1,0,1,0,Argo AI,0,0,0,1,1,0,0,,2021,8,0,2021,8,08:10,0,ab78822ba620852,Miami,0,FL ,0,0,0,1,0,0,1,0,0,0,1,0,0,0,30.0,0,0,0,0,1,0,0,1,0,0,0,0,0,0,0,,SUV,0,0,1,0,0,1,Backing,0,0,1,0,0,0,0,0,0,0,0,0,0,Stopped,0,0,1,0.0,0,0,0,0,0,0,0,0,0,1,0,0,0,1,0,0,1,1,0,Yes,Miami Beach PD, ,Yes,[MAY CONTAIN PERSONALLY IDENTIFIABLE INFORMATION], ,,Y,,Y,"[REDACTED, MAY CONTAIN CONFIDENTIAL BUSINESS INFORMATION]",Y,"[REDACTED, MAY CONTAIN CONFIDENTIAL BUSINESS INFORMATION]",Y
30690-1286,1,Robotic Research,0,0,0,1,0,9.0,2021.0,2021,9,,1,Local Motors,Olli,2019.0, ,1821.0,0,0,1,0,0,"[REDACTED, MAY CONTAIN CONFIDENTIAL BUSINESS INFORMATION]",0,1,,0,0,,0,0,,0,0,,0,0,0,,1,0,1,0,Beep,0,0,0,1,0,0,0,,2021,8,0,2021,8,20:00,0, ,Yellowstone National Park,0,WY ,0,0,1,0,0,0,1,0,0,0,1,0,0,0,15.0,0,0,0,0,1,0,0,1,0,0,0,0,0,0,0,,Passenger Car,0,0,1,0,0,1,Backing,0,0,0,0,0,0,0,0,1,0,0,1,0,Proceeding Straight,0,0,0,8.0,0,0,0,0,0,0,0,0,0,1,1,0,1,0,0,0,1,0,0,Yes,U.S. National Park Service, ,Yes,,Y,,Y,,Y,Yes, ,"A Local Motors electric Olli shuttle (V1.0) (VIN Number [XXX]), equipped with the Robotic
Research autonomy kit (enabling autonomous steering, acceleration,
deceleration, and braking (AutoDrive)), was proceeding forward in autonomous
mode through a parking lot in Yellowstone National Park. A parked passenger
vehicle began reversing into the path of the Olli without signaling or yielding the right of way to
oncoming shuttle. The autonomy system detected the encroaching vehicle and commanded a braking
event, which began deceleration of the Olli. Though the Olli was nearly stopped
by the time the of the accident, a collision still occurred, causing damage
to the right rear of the passenger vehicle. The safety operator inside the
Olli also pulled the handbrake when they became aware of the oncoming
collision, but this was not performed in time to avoid the collision. For
reference this incident is under review with the Box-7 Team at NHTSA.",
1306-1247,1,Toyota Motor Engineering & Manufacturing,0,0,0,1,0,8.0,2021.0,2021,9,2T2JGMDA3LC,0,Lexus,RX450H,2020.0,0eecc7fa6ddc4ad,4586.0,0,0,1,0,0,4,0,0,,0,0,,0,0,,0,0,,0,0,0,,1,0,1,0,May Mobility,0,0,0,0,0,0,1,Communication from May Mobility,2021,8,0,2021,9,11:16,0,558988ec035939d,Indianapolis,0,IN ,0,0,0,1,0,0,1,0,0,0,1,0,0,0,25.0,0,0,0,0,1,0,0,1,0,0,0,0,0,0,0,,"Other, see Narrative",0,0,1,0,0,1,"Other, see Narrative",0,0,0,0,0,0,0,0,0,0,0,0,1,Making Right Turn,0,0,1,6.0,0,0,0,0,0,0,0,0,0,1,0,0,0,0,0,0,1,0,0,No,, ,No,, ,, ,, ,Yes, ,"The subject vehicle of this report was procured by and up-fitted to ADS L4 by May Mobility with a May Mobility automated driving kit.
The content of this report, including the summary of incident below, is the information as Toyota received it from May Mobility on Sept. [XXX],
2021.
Vehicle made a right turn and struck the curb, causing a blown tire.
Vehicle elected a controller path mid corner, which caused the curb strike. We have assessed the localities where this could occur and
are taking those turns in manual operation. We are currently testing a fix that will make our controller more aware of the curb to prevent
future occurrences.",
30270-1236,1,Waymo LLC,1,0,0,0,0,,,2021,9,2C4RC1K78HR,0,Chrysler,Pacifica,2017.0,885ecf217c72a7b,120958.0,0,0,1,0,0,4th Generation ADS,0,0,,0,0,,0,0,,0,0,,0,0,0,,1,0,1,0,Waymo LLC,0,1,0,0,0,0,0,,2021,9,0,2021,9,13:54,0,857232881f1c3c0,Tempe,0,AZ ,0,0,0,1,0,0,1,0,0,0,1,0,0,0,45.0,0,0,0,0,1,0,0,1,0,0,0,0,0,0,0,,Pickup Truck,0,0,1,0,0,1,Making Left Turn,0,0,0,1,0,0,0,0,0,0,0,0,0,Stopped,0,1,1,0.0,0,1,0,0,0,0,0,0,0,0,0,0,0,0,1,0,1,1,0,No,, ,Yes,, ,, ,, ,Yes, ,"Other than the addition of the zip code in which the incident occurred, the content of this report is unchanged from the initial report submitted on September [XXX], 2021 [Report ID # 30270-1192-1]. 
On September [XXX], 2021 at 1:54 PM PDT, a Waymo Autonomous Vehicle ('Waymo AV') operating in Tempe, AZ was in a collision involving a pickup truck on [XXX] near [XXX]. While in autonomous mode, the Waymo AV began to enter the right lane of a protected double left turn lane (""Lane 2"") from northbound [XXX] to westbound [XXX]. A pickup truck heading southbound on [XXX] had completely crossed the double-yellow lines of the northbound double left turn lanes and positioned itself in the left lane of the double turn lane (""Lane 1"") facing the wrong direction against traffic and was preparing to make a left turn across Lane 2 and the other two northbound lanes into a shopping center parking lot on the east side of [XXX]. 
The Waymo AV was traveling in Lane 2 when the pickup truck began to initiate its left turn from Lane 1. The Waymo AV braked, and the trained human driver in the Waymo AV (in the driver's seating position), transitioned the vehicle from autonomous to manual mode. As the pickup truck made the left turn, the driver's side panels of the pickup truck made contact with the driver's side rear corner of the Waymo AV causing moderate damage to the Waymo AV. Damage to the pickup is currently unknown. At the time of contact, the Waymo AV was in manual mode.
Waymo is reporting this crash under Request No. 1 of Standing General Order 2021-01 because the Waymo AV was towed from the scene. Waymo may supplement or correct its reporting with additional information as it may become available. This report was submitted from the Pacific time zone on the required date, which in this case was the next business day after a weekend.",
502-1163,3,Ford Motor Company,0,0,1,0,0,,,2021,9,3FA6P0MU8KR,0,Ford,Fusion,2019.0,ac9a026c8544e16,10389.0,0,0,1,0,0,"[REDACTED, MAY CONTAIN CONFIDENTIAL BUSINESS INFORMATION]",0,1,,0,0,,0,0,,0,0,,0,0,0,,1,0,1,0,Argo AI,0,0,0,1,1,0,0,,2021,9,0,2021,9,13:18,0,ac03faca000d50b,Miami Beach,0,FL ,0,0,0,1,0,0,1,0,0,0,0,0,0,1,30.0,0,0,0,0,1,0,0,1,0,0,0,0,0,0,0,,Passenger Car,0,0,1,0,0,1,Making Right Turn,0,0,0,0,0,0,0,0,0,1,0,0,0,Proceeding Straight,0,1,1,8.0,0,0,0,1,0,0,0,0,0,0,0,0,0,0,0,0,1,1,0,Yes,Miami Beach PD, ,Yes,[MAY CONTAIN PERSONALLY IDENTIFIABLE INFORMATION], ,,Y,,Y,"[REDACTED, MAY CONTAIN CONFIDENTIAL BUSINESS INFORMATION]",Y,"[REDACTED, MAY CONTAIN CONFIDENTIAL BUSINESS INFORMATION]",Y
30290-1161,2,Argo AI,0,0,1,0,0,,,2021,9,3FA6P0MU8KR,0,Ford,Fusion,2019.0,ac9a026c8544e16,10389.0,0,0,1,0,0,"[REDACTED, MAY CONTAIN CONFIDENTIAL BUSINESS INFORMATION]",0,1,,0,0,,0,0,,0,0,,0,0,0,,1,0,1,0,Argo AI,0,0,0,1,1,0,0,,2021,9,0,2021,9,13:18,0,ac03faca000d50b,Miami Beach,0,FL ,0,0,0,1,0,0,1,0,0,0,0,0,0,1,30.0,0,0,0,0,1,0,0,1,0,0,0,0,0,0,0,,Passenger Car,0,0,1,0,0,1,Making Right Turn,0,0,0,0,0,0,0,0,0,1,0,0,0,Proceeding Straight,0,1,1,8.0,0,0,0,1,0,0,0,0,0,0,0,0,0,0,0,0,1,1,0,Yes,Miami Beach PD, ,Yes,[MAY CONTAIN PERSONALLY IDENTIFIABLE INFORMATION], ,,Y,,Y,"[REDACTED, MAY CONTAIN CONFIDENTIAL BUSINESS INFORMATION]",Y,"[REDACTED, MAY CONTAIN CONFIDENTIAL BUSINESS INFORMATION]",Y
30413-1207,1,May Mobility,0,0,0,1,0,8.0,2021.0,2021,9,2T2JGMDA0LC,0,Lexus,RX450H,2020.0,cb6e38b363be262,9211.0,0,0,1,0,0,4,0,0,,0,0,,0,0,,0,0,,0,0,0,,1,0,1,0,May Mobility,0,0,0,0,1,0,0,,2021,8,0,2021,8,11:30,0,b70d99b06a1d334,Ann Arbor,0,MI ,0,0,0,1,0,0,1,0,0,0,1,0,0,0,25.0,0,0,0,0,1,0,0,1,0,0,0,0,0,0,0,,"Other, see Narrative",0,0,1,0,0,1,"Other, see Narrative",0,0,0,0,0,0,0,0,0,0,0,0,1,Proceeding Straight,0,0,1,22.0,0,0,0,0,0,0,0,1,0,1,0,0,0,0,0,0,1,0,0,No,, ,No,, ,, ,, ,Yes, ,"Vehicle was moving forward and veered slightly to the left, making contact with the curb, resulting in a blown tire.
Curb strike occurred during testing. There was human error involved in defining the desired vehicle pose in the lane, which led to a curb strike. We have since resolved this by fixing the desired pose.",
30413-1206,1,May Mobility,0,0,0,1,0,8.0,2021.0,2021,9,2T2JGMDA3LC,0,Lexus,RX450H,2020.0,0eecc7fa6ddc4ad,4586.0,0,0,1,0,0,4,0,0,,0,0,,0,0,,0,0,,0,0,0,,1,0,1,0,May Mobility,0,0,0,1,0,0,0,,2021,8,0,2021,8,11:16,0,558988ec035939d,Indianapolis,0,IN ,0,0,0,1,0,0,1,0,0,0,1,0,0,0,25.0,0,0,0,0,1,0,0,1,0,0,0,0,0,0,0,,"Other, see Narrative",0,0,1,0,0,1,"Other, see Narrative",0,0,0,0,0,0,0,0,0,0,0,0,1,Making Right Turn,0,0,1,6.0,0,0,0,0,0,0,0,0,0,1,0,0,0,0,0,0,1,0,0,No,, ,No,, ,, ,, ,Yes, ,"Vehicle made a right turn and struck the curb, causing a blown tire.
Vehicle elected a controller path mid corner, which caused the curb strike. We have assessed the localities where this could occur and are taking those turns in manual operation. We are currently testing a fix that will make our controller more aware of the curb to prevent future occurrences.",
30270-1192,1,Waymo LLC,1,0,0,0,0,,,2021,9,2C4RC1K78HR,0,Chrysler,Pacifica,2017.0,885ecf217c72a7b,120958.0,0,0,1,0,0,4th Generation ADS,0,0,,0,0,,0,0,,0,0,,0,0,0,,1,0,1,0,Waymo LLC,0,1,0,0,0,0,0,,2021,9,0,2021,9,13:54,0,857232881f1c3c0,Tempe,0,AZ ,0,0,0,1,0,0,1,0,0,0,1,0,0,0,45.0,0,0,0,0,1,0,0,1,0,0,0,0,0,0,0,,Pickup Truck,0,0,1,0,0,1,Making Left Turn,0,0,0,1,0,0,0,0,0,0,0,0,0,Stopped,0,1,1,0.0,0,1,0,0,0,0,0,0,0,0,0,0,0,0,1,0,1,1,0,No,, ,Yes,, ,, ,, ,Yes, ,"On September [XXX], 2021 at 1:54 PM PDT, a Waymo Autonomous Vehicle ('Waymo AV') operating in Tempe, AZ was in a collision involving a pickup truck on [XXX] near [XXX]. While in autonomous mode, the Waymo AV began to enter the right lane of a protected double left turn lane ('Lane 2') from northbound [XXX] to westbound [XXX]. A pickup truck heading southbound on [XXX] had completely crossed the double-yellow lines of the northbound double left turn lanes and positioned itself in the left lane of the double turn lane ('Lane 1') facing the wrong direction against traffic and was preparing to make a left turn across Lane 2 and the other two northbound lanes into a shopping center parking lot on the east side of [XXX]. 
The Waymo AV was traveling in Lane 2 when the pickup truck began to initiate its left turn from Lane 1. The Waymo AV braked, and the trained human driver in the Waymo AV (in the driver's seating position), transitioned the vehicle from autonomous to manual mode. As the pickup truck made the left turn, the driver's side panels of the pickup truck made contact with the driver's side rear corner of the Waymo AV causing moderate damage to the Waymo AV. Damage to the pickup is currently unknown. At the time of contact, the Waymo AV was in manual mode.
Waymo is reporting this crash under Request No. 1 of Standing General Order 2021-01 because the Waymo AV was towed from the scene. Waymo may supplement or correct its reporting with additional information as it may become available. This report was submitted from the Pacific time zone on the required date.",
30413-1130,1,May Mobility,0,0,0,1,0,7.0,2021.0,2021,8,2T2JGMDA3LC,0,Lexus,RX450H,2020.0,0eecc7fa6ddc4ad,3854.0,0,0,1,0,0,4,0,0,,0,0,,0,0,,0,0,,0,0,0,,1,0,1,0,May Mobility,0,0,0,1,0,0,0,,2021,7,0,2021,7,16:15,0,d0d33333ba895d5,Indianapolis,0,IN ,0,0,0,1,0,0,1,0,0,0,1,0,0,0,25.0,0,0,0,0,1,0,0,1,0,0,0,0,0,0,0,,SUV,0,0,1,0,0,1,Proceeding Straight,0,0,1,1,0,0,0,0,0,0,0,0,0,Proceeding Straight,0,0,1,18.0,0,0,0,1,0,0,0,0,0,1,0,0,0,1,0,0,1,1,0,No,, ,No,, ,, ,, ,Yes, ,"Summary of incidentLeading up to the event, the autonomy system functioned as expected, following the route through the intersection, slowing appropriately for other road users and the red light.  Vehicle autonomous behavior was performing as expected and did not require a takeover.Description of event:16:17:30 May vehicle, traveling East on [XXX], in full working order with no errors, autonomously navigates the [XXX] and [XXX] intersection.16:17:35 May vehicle autonomously begins to slow to match the speed of a vehicle several car lengths ahead merging into our lane from the right.16:17:37 By means of an accelerator pedal push the vehicle is moved into manual mode by the safety operator - from this point forward, the vehicle remains under control of the safety operator.16:17:43 Manual acceleration command via the pedal increases.16:17:44 Safety operator manually continues straight which, due to the slight change in angle of the road, brings the May vehicle into contact with the first vehicle to the right.16:17:44 Safety operator manually applies brake.16:17:45 With the manual brake command now at maximum the May vehicle makes contact with the second vehicle.Vehicle indicators for manual or autonomy mode:The visual indicator for autonomy was functioning properly and as expected in the time leading up to and during the event.The audio communication device in the vehicle was functioning properly and was used to call for assistance and to report the incident.The audio beep to indicate a state change was functioning properly.The safety operator had some audio indication that he had exited autonomy and entered manual operation, and he had full visual indication on his dashboard.                                                                ",
30610-1091,1,"Zoox, Inc.",0,0,0,1,0,8.0,2021.0,2021,8,5TDDCRFH7GS,0,Toyota,Highlander,2016.0,68d677c40b0c371,47018.0,0,0,1,0,0,21.21.08.10,0,0,,0,0,,0,0,,0,0,,0,0,0,,1,0,1,0,Zoox,0,0,0,0,1,0,0,,2021,8,0,2021,8,22:18,0,f72001a87258c7e,Las Vegas,0,NV ,0,0,0,1,0,0,1,0,0,0,1,0,0,0,25.0,0,1,0,0,0,0,0,1,0,0,0,0,0,0,0,,Passenger Car,0,0,1,0,0,0,Making Right Turn,0,0,1,1,0,0,0,0,0,0,0,1,0,Making Right Turn,0,0,1,5.0,0,0,0,0,0,0,0,0,0,1,1,0,1,0,1,0,1,0,0,No,, ,No,, ,, ,, ,"No, see Narrative", ,"A Zoox vehicle was in autonomous mode within its ODD (SAE L3), then transitioned out of its ODD into manual mode 10 seconds before the contact in the right-turn lane while making a right from Koval onto Tropicana. As the Zoox driver inched out to see traffic,?the Zoox?vehicle made contact with the passenger vehicle ahead.",
30610-1083,1,"Zoox, Inc.",0,0,0,1,0,8.0,2021.0,2021,8,5TDDCRFH3GS,0,Toyota,Highlander,2016.0,1db0801a222a5aa,58804.0,0,0,1,0,0,20.21.07.24,0,0,,0,0,,0,0,,0,0,,0,0,0,,1,0,1,0,Zoox,0,0,0,0,1,0,0,,2021,7,0,2021,7,23:34,0,9b9546584c36817,Las Vegas,0,NV ,0,0,0,1,0,0,1,0,0,0,1,0,0,0,25.0,0,1,0,0,0,0,0,1,0,0,0,0,0,0,0,,Passenger Car,0,0,1,0,0,0,Changing Lanes,0,0,0,0,0,0,0,1,0,0,0,0,0,Proceeding Straight,0,0,1,0.0,0,0,0,0,1,0,0,0,0,0,1,0,1,0,1,0,1,0,0,No,, ,No,, ,, ,, ,Yes, ,A Zoox vehicle in autonomy began to slow in traffic and was rear-ended when a?passenger vehicle from behind?changed lanes?and made contact with the Zoox vehicle.,
30610-1080,1,"Zoox, Inc.",0,0,0,1,0,8.0,2021.0,2021,8,5TDDCRFH4GS,0,Toyota,Highlander,2016.0,a473192087e29b3,77332.0,0,0,1,0,0,22.21.07.27,0,0,,0,0,,0,0,,0,0,,0,0,0,,1,0,1,0,Zoox,0,0,0,0,1,0,0,,2021,7,0,2021,7,08:44,0,3bcb829bf72a6f6,Las Vegas,0,NV ,0,0,0,1,0,0,1,0,0,0,1,0,0,0,35.0,0,0,0,0,1,0,0,1,0,0,0,0,0,0,0,,Passenger Car,0,0,1,0,0,0,Proceeding Straight,0,0,0,0,0,0,0,0,1,0,0,1,0,Making Right Turn,0,0,1,3.0,0,1,0,0,0,0,0,0,0,0,1,0,1,0,1,0,1,0,0,No,, ,No,, ,, ,, ,Yes, ,"While merging in a slip lane onto [XXX] from [XXX], the Zoox vehicle yielded for left cross traffic. Then the passenger vehicle collided with the Zoox rear bumper. Operators disengaged the autonomous mode after contact.                                                                                                                                                                                   ",
30290-1072,1,Argo AI,0,0,0,1,0,8.0,2021.0,2021,8,3FA6P0MU4KR,0,Ford,Fusion,2019.0,e021a860c193fa3,11497.0,0,0,1,0,0,"[REDACTED, MAY CONTAIN CONFIDENTIAL BUSINESS INFORMATION]",0,1,,0,0,,0,0,,0,0,,0,0,0,,1,0,1,0,Argo AI,0,0,0,1,1,0,0,,2021,7,0,2021,7,09:50,0,f8f8385729a3819,Miami,0,FL ,0,0,0,1,0,0,1,0,0,0,1,0,0,0,30.0,0,0,0,0,1,0,0,1,0,0,0,0,0,0,0,,Passenger Car,0,0,1,0,0,1,Merging,0,0,0,0,0,0,0,0,0,0,0,0,1,Proceeding Straight,0,0,1,2.0,0,1,0,0,0,0,0,0,0,0,0,0,0,0,0,0,1,1,0,Yes,Miami Police Department, ,Yes,[MAY CONTAIN PERSONALLY IDENTIFIABLE INFORMATION], ,,Y,,Y,"[REDACTED, MAY CONTAIN CONFIDENTIAL BUSINESS INFORMATION]",Y,"[REDACTED, MAY CONTAIN CONFIDENTIAL BUSINESS INFORMATION]",Y
30290-1071,1,Argo AI,0,0,0,1,0,8.0,2021.0,2021,8,3FA6P0MU7KR,0,Ford,Fusion,2019.0,85841ac8ed73351,16752.0,0,0,1,0,0,"[REDACTED, MAY CONTAIN CONFIDENTIAL BUSINESS INFORMATION]",0,1,,0,0,,0,0,,0,0,,0,0,0,,1,0,1,0,Argo AI,0,0,0,1,1,0,0,,2021,7,0,2021,7,16:33,0,149e02a12464f84,Austin,0,TX ,0,1,0,0,0,0,1,0,0,0,1,0,0,0,30.0,0,0,0,0,1,0,0,1,0,0,0,0,0,0,0,,"Other, see Narrative",0,0,1,0,0,1,Making Right Turn,0,0,0,0,0,0,0,0,0,0,0,0,1,Stopped,0,0,1,0.0,0,0,0,0,0,0,0,1,0,0,0,0,0,0,0,0,1,1,0,No,, ,Yes,, ,, ,, ,"[REDACTED, MAY CONTAIN CONFIDENTIAL BUSINESS INFORMATION]",Y,"[REDACTED, MAY CONTAIN CONFIDENTIAL BUSINESS INFORMATION]",Y
1306-1065,1,Toyota Motor Engineering & Manufacturing,0,0,0,1,0,7.0,2021.0,2021,8,2T2JGMDA3LC,0,Lexus,RX450H,2020.0,0eecc7fa6ddc4ad,3854.0,0,0,1,0,0,4,0,0,,0,0,,0,0,,0,0,,0,0,0,,1,0,1,0,May Mobility,0,0,0,0,0,0,1,Communication from May Mobility,2021,7,0,2021,7,16:15,0,d0d33333ba895d5,Indianapolis,0,IN ,0,0,0,1,0,0,1,0,0,0,1,0,0,0,25.0,0,0,0,0,1,0,0,1,0,0,0,0,0,0,0,,SUV,0,0,1,0,0,1,Proceeding Straight,0,0,1,1,0,0,0,0,0,0,0,0,0,Proceeding Straight,0,0,1,18.0,0,0,0,1,0,0,0,0,0,1,0,0,0,1,0,0,1,1,0,No,, ,No,, ,, ,, ,Yes, ,"- The subject vehicle of this report was procured by and up-fitted to ADS L4 by May Mobility with a May Mobility automated driving kit.
- The content of this report, including the summary of incident below, is the information as Toyota received from May Mobility on Aug [XXX], 2021.
Summary of incident (as Toyota received from May Mobility):
Leading up to the event, the autonomy system functioned as expected, following the route through the intersection, slowing appropriately for other road users and the red light. Vehicle autonomous behavior was performing as expected and did not require a takeover.
Description of event:
16:17:30 May vehicle, traveling East on [XXX], in full working order with no errors, autonomously navigates the [XXX] and [XXX] intersection.
16:17:35 May vehicle autonomously begins to slow to match the speed of a vehicle several car lengths ahead merging into our lane from the right.
16:17:37 By means of an accelerator pedal push the vehicle is moved into manual mode by the safety operator - from this point forward, the vehicle remains under control of the safety operator.
16:17:43 Manual acceleration command via the pedal increases.
16:17:44 Safety operator manually continues straight which, due to the slight change in angle of the road, brings the May vehicle into contact with the first vehicle to the right.
16:17:44 Safety operator manually applies brake.
16:17:45 With the manual brake command now at maximum the May vehicle makes contact with the second vehicle.
Vehicle indicators for manual or autonomy mode:
The visual indicator for autonomy was functioning properly and as expected in the time leading up to and during the event.
The audio communication device in the vehicle was functioning properly and was used to call for assistance and to report the incident.
The audio beep to indicate a state change was functioning properly.
The safety operator had some audio indication that he had exited autonomy and entered manual operation, and he had full visual indication on his dashboard.",
30290-15,2,Argo AI,0,0,1,0,0,,,2021,8,3FA6P0MU3KR,0,Ford,Fusion,2019.0,2ad07e63259f51d,10722.0,0,0,1,0,0,"[REDACTED, MAY CONTAIN CONFIDENTIAL BUSINESS INFORMATION]",0,1,,0,0,,0,0,,0,0,,0,0,0,,1,0,1,0,Argo AI,0,0,0,1,1,0,0,,2021,7,0,2021,7,09:26,0,f700288ccb3ad35,Washington DC,0,DC ,0,0,0,1,0,0,1,0,0,0,1,0,0,0,25.0,0,0,0,0,1,0,0,1,0,0,0,0,0,0,0,,Pickup Truck,1,0,0,0,0,1,Proceeding Straight,0,0,0,0,0,0,0,1,0,0,0,0,0,Stopped,0,1,1,0.0,0,0,0,0,1,0,0,0,0,0,0,0,0,1,0,0,1,1,0,Yes,Washington DC Metropolitan Police Department, ,Yes,[MAY CONTAIN PERSONALLY IDENTIFIABLE INFORMATION], ,[MAY CONTAIN PERSONALLY IDENTIFIABLE INFORMATION], ,[MAY CONTAIN PERSONALLY IDENTIFIABLE INFORMATION], ,"[REDACTED, MAY CONTAIN CONFIDENTIAL BUSINESS INFORMATION]",Y,"[REDACTED, MAY CONTAIN CONFIDENTIAL BUSINESS INFORMATION]",Y