Report ID,Report Version,Reporting Entity,Report_Type_1 Day Update,Report_Type_5 Day Update,Report_Type_10 Day Update,Report_Type_Monthly Report,"Report_Type_Updated, but no time indicated",Report Month,Report Year,Submission Year,Submission Month,VIN,VIN - Unknown,Make,Model,Model Year,Same Vehicle ID,Mileage,Mileage - Unknown,Driver / Operator Type_Consumer,Driver / Operator Type_In-Vehicle,Driver / Operator Type_Remote,Driver / Operator Type_None or Other,ADAS/ADS System Version,ADAS/ADS System Version - Unk,ADAS/ADS System Version CBI,ADAS/ADS Hardware Version,ADAS/ADS Hardware Version - Unk,ADAS/ADS Hardware Version CBI,ADAS/ADS Software Version,ADAS/ADS Software Version - Unk,ADAS/ADS Software Version CBI,Other Reporting Entities?,Other Reporting Entities? - Unk,Other Reporting Entities? - NA,Federal Regulatory Exemption?,Federal Reg. Exemption - Unk,Federal Reg. Exemption - No,State or Local Permit?,State or Local Permit,ADS Equipped?,Automation System Engaged_ADAS,Automation System Engaged_ADS,"Automation System Engaged_Unknown, see Narrative",Operating Entity,Source - Complaint/Claim,Source - Telematics,Source - Law Enforcement,Source - Field Report,Source - Testing,Source - Media,Source - Other,Source - Other Text,Incident Year,Incident Month,Incident Date - Unknown,Notice Received Year,Notice Received Month,Incident Time (24:00),Incident Time - Unknown,Same Incident ID,City,City - Unknown,State,Roadway Type_Highway / Freeway,Roadway Type_Intersection,Roadway Type_Parking Lot,Roadway Type_Street,Roadway Type_Traffic Circle,Roadway Type_Unknown,Roadway Surface_Dry,Roadway Surface_Snow / Slush / Ice,Roadway Surface_Unknown,Roadway Surface_Wet,Roadway Description_No Unusual Conditions,Roadway Description_Traffic Incident,Roadway Description_Work Zone,"Roadway Description_Other, Unknown or Missing",Posted Speed Limit (MPH),Posted Speed Limit - Unknown,Lighting_Dark - Lighted,Lighting_Dark - Not Lighted,Lighting_Dawn / Dusk,Lighting_Daylight,Lighting_Other or Unknown,Lighting_Dark - Unknown Lighting,Weather - Clear,Weather - Snow,Weather - Cloudy,Weather - Fog/Smoke,Weather - Rain,Weather - Severe Wind,Weather - Unknown,Weather - Other,Weather - Other Text,Crash With,Highest Injury Severity Alleged_Minor,Highest Injury Severity Alleged_Moderate,Highest Injury Severity Alleged_No Injuries Reported,Highest Injury Severity Alleged_Serious,Highest Injury Severity Alleged_Unknown,Property Damage?,CP Pre-Crash Movement,CP Any Air Bags Deployed?,CP Was Vehicle Towed?,CP Contact Area - Rear Left,CP Contact Area - Left,CP Contact Area - Front Left,CP Contact Area - Rear,CP Contact Area - Top,CP Contact Area - Front,CP Contact Area - Rear Right,CP Contact Area - Right,CP Contact Area - Front Right,CP Contact Area - Bottom,CP Contact Area - Unknown,SV Pre-Crash Movement,SV Any Air Bags Deployed?,SV Was Vehicle Towed?,SV Were All Passengers Belted?,SV Precrash Speed (MPH),SV Pre-crash Speed - Unknown,SV Contact Area - Rear Left,SV Contact Area - Left,SV Contact Area - Front Left,SV Contact Area - Rear,SV Contact Area - Top,SV Contact Area - Front,SV Contact Area - Rear Right,SV Contact Area - Right,SV Contact Area - Front Right,SV Contact Area - Bottom,SV Contact Area - Unknown,Data Availability - EDR,Data Availability - Police Rpt,Data Availability - Telematics,Data Availability - Complaints,Data Availability - Video,Data Availability - Other,Data Availability - Unknown,Law Enforcement Investigating?,Investigating Agency,Investigating Agency - Unknown,Rep Ent Or Mfr Investigating?,Investigating Officer Name,Inv. Officer Name - Unknown,Investigating Officer Phone,Inv. Officer Phone - Unknown,Investigating Officer Email,Inv. Officer Email - Unknown,Within ODD?,Within ODD? - CBI,Narrative,Narrative - CBI?
30290-1642,1,Argo AI,0,0,0,1,0,11.0,2021.0,2021,11,1FMCU0DZ5LU,0,Ford,Escape,2020.0,a5b2a19801a72a3,21459.0,0,0,1,0,0,"[REDACTED, MAY CONTAIN CONFIDENTIAL BUSINESS INFORMATION]",0,1,,0,0,,0,0,,0,0,,0,0,0,,1,0,1,0,Argo AI,0,0,0,1,1,0,0,,2021,10,0,2021,10,14:25,0,15e150e3f8f22d0,Palo Alto,0,CA ,0,1,0,0,0,0,1,0,0,0,1,0,0,0,25.0,0,0,0,0,1,0,0,0,0,1,0,0,0,0,0,,SUV,0,0,1,0,0,1,Making Right Turn,0,0,0,0,0,0,0,0,0,0,1,0,0,Making Right Turn,0,0,1,0.0,0,1,0,0,0,0,0,0,0,0,0,0,0,0,0,0,1,1,0,No,, ,Yes,, ,, ,, ,"[REDACTED, MAY CONTAIN CONFIDENTIAL BUSINESS INFORMATION]",Y,"An Argo AI Autonomous Vehicle (""Argo AV"") was involved in a rear-end collision on [XXX]. The Argo AV came to a complete stopat the stop sign located at the intersection of [XXX] and [XXX]. After the Argo AV began to initiate a right-hand turn, the Argo AV came to a stop in response to oncoming traffic. A vehicle trailing behind the Argo AV moved forward and contacted the ArgoAV's left rear bumper. The Argo AV sustained minor damage to its left rear bumper.                                    ",
30711-1624,1,Pony.ai,0,0,0,1,0,11.0,2021.0,2021,11,KM8K23AG0MU,0,Hyundai,Kona/EV,2021.0,39f3358183a2dbc,2550.0,0,0,1,1,0,L4,0,0,,0,0,,0,0,,0,0,,0,0,0,,1,0,1,0,Pony.ai,0,0,0,0,1,0,0,,2021,10,0,2021,10,10:50,0,aeb0ef282584e35,Fremont,0,CA ,0,0,0,1,0,0,1,0,0,0,1,0,0,0,40.0,0,0,0,0,1,0,0,1,0,0,0,0,0,0,0,,Other Fixed Object,0,0,1,0,0,1,,0,0,0,0,0,0,0,0,0,0,0,0,0,Changing Lanes,0,0,1,35.0,0,0,0,0,0,0,1,0,0,0,1,0,1,0,1,0,1,0,0,No,, ,Yes,, ,, ,, ,Yes, ,"On October [XXX], 2021, after turning right onto [XXX] from [XXX], the Pony.ai Autonomous Vehicle (""Pony.ai AV"") performed a left lane change maneuver in autonomous mode (SAE L4). While performing the lane change, the Pony.ai AV came into contact with a center divider on [XXX]. and the traffic sign that was posted on the divider.  The Pony.ai AV suffered moderate damage to the front of the vehicle and the undercarriage. There were no injuries and no other vehicles involved.  Fremont Police Department were called to report the incident and the damaged street sign.  Pony.ai has subsequently worked with local authorities to resolve all issues related to the damaged sign. Please note that the latitude/longitude provided are GPS coordinates of the location address.",
30270-1613,1,Waymo LLC,1,0,0,0,0,,,2021,11,SADHW2S17M1,0,Jaguar,I-Pace,2021.0,c7cd0871d60a651,10606.0,0,0,1,0,0,5th Generation ADS,0,0,,0,0,,0,0,,0,0,,0,0,0,,1,0,1,0,Waymo LLC,0,1,0,0,0,0,0,,2021,11,0,2021,11,16:28,0,b4618f349040cbb,San Francisco,0,CA ,0,1,0,0,0,0,1,0,0,0,1,0,0,0,25.0,0,0,0,0,1,0,0,0,0,1,0,0,0,0,0,,Passenger Car,0,0,1,0,0,1,Proceeding Straight,0,0,0,0,0,0,0,1,0,0,1,0,0,Stopped,0,0,1,0.0,0,1,0,0,1,0,0,0,0,0,0,0,0,0,1,0,1,1,0,Unknown,San Francisco Police Department, ,Yes,,Y,,Y,,Y,Yes, ,"On November [XXX], 2021 at 4:28 PM PDT a Waymo Autonomous Vehicle ('Waymo AV') operating in San Francisco, California was in a collision involving a passenger vehicle on [XXX] at [XXX]. 
The Waymo AV was traveling in autonomous mode southbound on [XXX] when it activated its right turn signal and prepared to make a right turn onto [XXX]. The Waymo AV stopped to yield to a pedestrian who was in the adjacent crosswalk on [XXX]. A passenger vehicle behind the Waymo AV struck the rear of the Waymo AV. The Waymo AV sustained minor damage to its rear bumper, and the trailing passenger vehicle sustained minor damage to its front bumper. 
Waymo is reporting this crash under Request No. 1 of Standing General Order 2021-01 because the Waymo AV was stopped for a pedestrian when the impact occurred. Waymo may supplement or correct its reporting with additional information as it may become available. This report was submitted from the Pacific time zone on the required date.",
30531-1507,1,Transdev Alternative Services,0,0,0,1,0,9.0,2021.0,2021,10,SADHWDS16M1,0,Jaguar,I-Pace,2021.0,6e2a7f46ce25f9a,8379.0,0,0,1,0,0,,1,0,,0,0,,0,0,,0,0,,0,0,0,,1,0,1,0,Waymo LLC.,0,0,0,1,0,0,0,,2021,9,0,2021,9,11:39,0,0d0ae62c0bf671d,San Francisco,0,CA ,0,0,0,1,0,0,1,0,0,0,1,0,0,0,25.0,0,0,0,0,1,0,0,1,0,0,0,0,0,0,0,,Passenger Car,0,0,1,0,0,1,Backing,0,0,1,0,0,0,0,0,0,0,0,0,0,Stopped,0,0,1,0.0,0,0,0,0,0,0,0,1,0,0,0,0,0,0,0,0,1,1,0,No,, ,Yes,, ,, ,, ,Yes, ,See Waymo report WaymoLLC-202109[XXX]-0 (rev.202110[XXX]153149) for Narrative details.,
30531-1505,1,Transdev Alternative Services,0,0,0,1,0,9.0,2021.0,2021,10,SADHW2S13M1,0,Jaguar,I-Pace,2021.0,69f9ac55561d6ff,11571.0,0,0,1,0,0,,1,0,,0,0,,0,0,,0,0,,0,0,0,,1,0,1,0,Waymo LLC.,0,0,0,1,0,0,0,,2021,9,0,2021,9,12:33,0,0cb307e3099fa7e,San Francisco,0,CA ,0,1,0,0,0,0,1,0,0,0,1,0,0,0,25.0,0,0,0,0,1,0,0,1,0,0,0,0,0,0,0,,Passenger Car,0,0,1,0,0,1,Making Right Turn,0,0,0,0,0,0,0,0,0,0,0,0,1,Stopped,0,0,1,0.0,0,0,0,1,0,0,0,0,0,0,0,0,0,0,0,0,1,1,0,No,, ,Yes,, ,, ,, ,Yes, ,"On September [XXX], 2021 at 12:33 PM PDT a Waymo Autonomous Vehicle ('Waymo AV') operating in San Francisco, California was in a collision involving a passenger vehicle at [XXX] and [XXX]. 
The Waymo AV was waiting to turn right onto [XXX] in autonomous mode when the driver (in the driver's seating position) transitioned to manual mode. A passenger vehicle was in the process of completing a right turn from [XXX] onto [XXX] and made contact with the front left fender of the stopped Waymo AV, before proceeding straight through the narrow roadway. At the time of the impact the Waymo AV's Level 4 ADS was not engaged and a test driver was operating the Waymo AV in manual mode. The Waymo AV sustained minor damage to the fender. The other vehicle left the scene without exchanging information. 
Transdev Alternative Services is reporting this duplicate crash report under Request No. 2 of Standing General Order 2021-01. Transdev will supplement or correct its reporting with additional information as it may become available.",
30531-1504,1,Transdev Alternative Services,0,0,0,1,0,9.0,2021.0,2021,10,SADHW2S18M1,0,Jaguar,I-Pace,2021.0,d5bf40bdf0b1c10,2684.0,0,0,1,0,0,,1,0,,0,0,,0,0,,0,0,,0,0,0,,1,0,1,0,Waymo LLC.,0,0,0,1,0,0,0,,2021,9,0,2021,9,17:14,0,a2f72a0435b1c3e,Sann Francisco,0,CA ,0,1,0,0,0,0,1,0,0,0,1,0,0,0,25.0,0,0,0,0,1,0,0,1,0,0,0,0,0,0,0,,Passenger Car,0,0,1,0,0,1,Traveling Wrong Way,0,0,0,0,0,0,0,0,0,0,0,0,1,Making Left Turn,0,0,1,8.0,0,0,0,1,0,0,0,0,0,0,0,0,0,0,0,0,1,1,0,No,, ,Yes,, ,, ,, ,Yes, ,"On September [XXX], 2021 at 5:14 PM PDT a Waymo Autonomous Vehicle ('Waymo AV') operating in San Francisco, California was in a collision involving a passenger vehicle at [XXX] and [XXX]. 
While making a left turn from [XXX] onto [XXX] in manual mode, the Waymo AV was struck by a passenger vehicle attempting to pass the Waymo AV on the left side using the oncoming traffic lane. At the time of the impact the Waymo AV's Level 4 ADS was not engaged and a test driver (in the driver's seating position) was operating the Waymo AV in manual mode. The Waymo AV sustained minor damage to the left front fender. The other vehicle left the scene without exchanging information.
Transdev Alternative Services is reporting this duplicate crash report under Request No. 2 of Standing General Order 2021-01. Transdev will supplement or correct its reporting with additional information as it may become available.",
30531-1503,1,Transdev Alternative Services,0,0,0,1,0,9.0,2021.0,2021,10,SADHW2S10M1,0,Jaguar,I-Pace,2021.0,93f83a6c71b9de2,2055.0,0,0,1,0,0,,1,0,,0,0,,0,0,,0,0,,0,0,0,,1,0,1,0,Waymo LLC.,0,0,0,1,0,0,0,,2021,9,0,2021,9,01:56,0,1dacdcc3d3d698e,San Francisco,0,CA ,0,0,0,1,0,0,1,0,0,0,1,0,0,0,25.0,0,0,1,0,0,0,0,1,0,0,0,0,0,0,0,,Passenger Car,0,0,1,0,0,1,Parked,0,0,0,0,0,0,0,0,1,0,0,0,0,Backing,0,0,1,2.0,0,0,0,0,0,0,0,1,0,0,0,0,0,0,0,0,1,1,0,No,, ,Yes,, ,, ,, ,Yes, ,"On September [XXX], 2021 at 1:56 AM PDT, a Waymo Autonomous Vehicle (""Waymo AV"") operating in San Francisco was in a collision involving an unoccupied parked passenger vehicle at the north end of [XXX] (a dead-end road). 
While performing a multipoint turn in autonomous mode, the Waymo AV was reversing at approximately 2 MPH when it made contact with the rear tail light of an unoccupied parked passenger vehicle. The Waymo AV was operating with a test driver present (in the driver's seating position), and at the time of the impact, the Waymo AV's Level 4 ADS was engaged in autonomous mode. The contact caused a small break in the tail light cover of the parked vehicle and minor damage to the rear bumper of the Waymo AV.
Transdev Alternative Services is reporting this duplicate crash report under Request No. 2 of Standing General Order 2021-01. Transdev will supplement or correct its reporting with additional information as it may become available.",
30270-1500,1,Waymo LLC,0,0,0,1,0,9.0,2021.0,2021,10,SADHW2S16M1,0,Jaguar,I-Pace,2021.0,127631507705ca2,8379.0,0,0,1,0,0,5th Generation ADS,0,0,,0,0,,0,0,,0,0,,0,0,0,,1,0,1,0,Waymo LLC,0,1,0,0,0,0,0,,2021,9,0,2021,9,11:39,0,0d0ae62c0bf671d,San Francisco,0,CA ,0,0,0,1,0,0,1,0,0,0,1,0,0,0,25.0,0,0,0,0,1,0,0,1,0,0,0,0,0,0,0,,Passenger Car,0,0,1,0,0,1,Backing,0,0,1,0,0,0,0,0,0,0,0,0,0,Stopped,0,0,1,0.0,0,0,0,0,0,0,0,1,0,0,0,0,0,0,1,0,1,1,0,No,, ,Yes,, ,, ,, ,Yes, ,"On September [XXX], 2021 at 11:39 AM PDT a Waymo Autonomous Vehicle ('Waymo AV') operating in San Francisco, California was in a collision involving a passenger vehicle on the 400 block of [XXX].
While in autonomous mode, the Waymo AV was stopped behind a double-parked passenger vehicle in the right-hand lane of traffic with slow-moving (same directional) traffic to its left. The driver of the Waymo AV (in the driver's seating position) transitioned the vehicle to manual mode and initiated a lane change into the congested left-hand lane. Before the driver of the Waymo AV could complete this maneuver, the passenger vehicle in front of the Waymo AV shifted into reverse and proceeded to make contact with the rear right sensor of the Waymo AV. At the time of the impact the Waymo AV's Level 4 ADS was not engaged and a test driver was operating the Waymo AV in manual mode. Both vehicles sustained minor damage. 
Waymo is reporting this crash under Request No. 2 of Standing General Order 2021-01. Waymo will supplement or correct its reporting with additional information as it may become available. This report was submitted from the Pacific time zone on the required date.",
30270-1498,2,Waymo LLC,0,0,0,0,1,9.0,2021.0,2021,10,SADHW2S13M1,0,Jaguar,I-Pace,2021.0,69f9ac55561d6ff,11571.0,0,0,1,0,0,5th Generation ADS,0,0,,0,0,,0,0,,0,0,,0,0,0,,1,0,1,0,Waymo LLC,0,1,0,0,0,0,0,,2021,9,0,2021,9,12:33,0,0cb307e3099fa7e,San Francisco,0,CA ,0,1,0,0,0,0,1,0,0,0,1,0,0,0,25.0,0,0,0,0,1,0,0,1,0,0,0,0,0,0,0,,Passenger Car,0,0,1,0,0,1,Making Right Turn,0,0,0,0,0,0,0,0,0,0,0,0,1,Stopped,0,0,1,0.0,0,0,0,1,0,0,0,0,0,0,0,0,0,0,1,0,1,1,0,No,, ,Yes,, ,, ,, ,Yes, ,"On September [XXX], 2021 at 12:33 PM PDT a Waymo Autonomous Vehicle (""Waymo AV"") operating in San Francisco, California was in a collision involving a passenger vehicle at [XXX] and [XXX]. 
The Waymo AV was waiting to turn right onto [XXX] in autonomous mode when the driver (in the driver's seating position) transitioned to manual mode. A passenger vehicle was in the process of completing a right turn from [XXX] onto [XXX] and made contact with the front left fender of the stopped Waymo AV, before proceeding straight through the narrow roadway. At the time of the impact the Waymo AV's Level 4 ADS was not engaged and a test driver was operating the Waymo AV in manual mode. The Waymo AV sustained minor damage to the fender. The other vehicle left the scene without exchanging information. 
Waymo is reporting this crash under Request No. 2 of Standing General Order 2021-01. Waymo will supplement or correct its reporting with additional information as it may become available. This report was submitted from the Pacific time zone on the required date.",
30270-1495,1,Waymo LLC,0,0,0,1,0,9.0,2021.0,2021,10,SADHW2S18M1,0,Jaguar,I-Pace,2021.0,d5bf40bdf0b1c10,2684.0,0,0,1,0,0,5th Generation ADS,0,0,,0,0,,0,0,,0,0,,0,0,0,,1,0,1,0,Waymo LLC,0,1,0,0,0,0,0,,2021,9,0,2021,9,17:14,0,a2f72a0435b1c3e,San Francisco,0,CA ,0,1,0,0,0,0,1,0,0,0,1,0,0,0,25.0,0,0,0,0,1,0,0,1,0,0,0,0,0,0,0,,Passenger Car,0,0,1,0,0,1,Traveling Wrong Way,0,0,0,0,0,0,0,0,0,0,0,0,1,Making Left Turn,0,0,1,8.0,0,0,0,1,0,0,0,0,0,0,0,0,0,0,1,0,1,1,0,No,, ,Yes,, ,, ,, ,Yes, ,"On September [XXX], 2021 at 5:14 PM PDT a Waymo Autonomous Vehicle (""Waymo AV"") operating in San Francisco, California was in a collision involving a passenger vehicle at [XXX] and [XXX]. 
While making a left turn from [XXX] onto [XXX] in manual mode, the Waymo AV was struck by a passenger vehicle attempting to pass the Waymo AV on the left side using the oncoming traffic lane. At the time of the impact the Waymo AV's Level 4 ADS was not engaged and a test driver (in the driver's seating position) was operating the Waymo AV in manual mode. The Waymo AV sustained minor damage to the left front fender. The other vehicle left the scene without exchanging information.
Waymo is reporting this crash under Request No. 2 of Standing General Order 2021-01. Waymo will supplement or correct its reporting with additional information as it may become available. This report was submitted from the Pacific time zone on the required date.",
30270-1494,1,Waymo LLC,0,0,0,1,0,9.0,2021.0,2021,10,SADHW2S10M1,0,Jaguar,I-Pace,2021.0,93f83a6c71b9de2,2055.0,0,0,1,1,0,5th Generation ADS,0,0,,0,0,,0,0,,0,0,,0,0,0,,1,0,1,0,Waymo LLC,0,1,0,0,0,0,0,,2021,9,0,2021,9,01:56,0,1dacdcc3d3d698e,San Francisco,0,CA ,0,0,0,1,0,0,1,0,0,0,1,0,0,0,25.0,0,0,1,0,0,0,0,1,0,0,0,0,0,0,0,,Passenger Car,0,0,1,0,0,1,Parked,0,0,0,0,0,0,0,0,1,0,0,0,0,Backing,0,0,1,2.0,0,0,0,0,0,0,0,1,0,0,0,0,0,0,1,0,1,1,0,No,, ,Yes,, ,, ,, ,Yes, ,"On September [XXX], 2021 at 1:56 AM PDT, a Waymo Autonomous Vehicle ('Waymo AV') operating in San Francisco was in a collision involving an unoccupied parked passenger vehicle at the north end of [XXX] (a dead-end road). 
While performing a multipoint turn in autonomous mode, the Waymo AV was reversing at approximately 2 MPH when it made contact with the rear tail light of an unoccupied parked passenger vehicle. The Waymo AV was operating with a test driver present (in the driver's seating position), and at the time of the impact, the Waymo AV's Level 4 ADS was engaged in autonomous mode. The contact caused a small break in the tail light cover of the parked vehicle and minor damage to the rear bumper of the Waymo AV.
Waymo is reporting this crash under Request No. 2 of Standing General Order 2021-01. Waymo will supplement or correct its reporting with additional information as it may become available. This report was submitted from the Pacific time zone on the required date.",
30590-1482,1,Apple Inc.,0,0,0,1,0,9.0,2021.0,2021,10,2T2BGMCA5HC,0,Lexus,RX 450h,2017.0,259ff2c24c048a1,17962.0,0,0,1,0,0,"[REDACTED, MAY CONTAIN CONFIDENTIAL BUSINESS INFORMATION]",0,1,,0,0,,0,0,,0,0,,0,0,0,,1,0,1,0,Apple Inc.,0,0,0,0,1,0,0,,2021,9,0,2021,9,10:53,0,9b9e8318ed96db6,Sunnyvale,0,CA ,0,1,0,0,0,0,1,0,0,0,1,0,0,0,45.0,0,0,0,0,1,0,0,0,0,1,0,0,0,0,0,,Other Fixed Object,0,0,1,0,0,1,,0,0,0,0,0,0,0,0,0,0,0,0,0,Making Right Turn,0,0,1,13.0,0,0,0,0,0,0,0,0,1,0,0,0,0,0,1,0,1,1,0,No,, ,Yes,, ,, ,, ,Yes, ,"Subject vehicle was on a testing mission in Sunnyvale, CA.  The vehicle was traveling South-bound on [XXX], an eight-lane divided road, operated by the vehicles Level 4 Automated Driving System and supervised by a safety driver in the drivers designated seating position, and with a safety operator in the front passenger seating position.  Subject vehicle moved to the right of the lane to turn right onto West-bound [XXX], a two-lane road, and made contact with a curb at approximately 13-miles per hour.  The safety driver was monitoring the behavior of a vehicle passing in the left lane for signs that it might enter subject vehicles path and did not see subject vehicle moving toward the curb in time to intervene and avoid contact.  During the incident, the safety driver disengaged the Automated Driving System, and then pulled the vehicle to the side of [XXX] and inspected the vehicle and curb for damage.  After the inspection, the safety driver drove the vehicle back to base with the Automated Driving System disengaged.  Subject vehicle did not sustain tire or wheel damage, but the contact resulted in misalignment.  No other agents were involved, no injuries were reported, and law enforcement was not called to the scene. Post-Crash Information: In addition to telematics and video, we also have photographs of the tires, curb, and alignment calibration information.                                                                                                 ",
30610-1441,1,"Zoox, Inc.",0,0,0,1,0,10.0,2021.0,2021,10,5TDDCRFH9GS,0,Toyota,Highlander,2016.0,92c53b3ee15a475,38832.0,0,0,1,0,0,14.21.09.21,0,0,,0,0,,0,0,,0,0,,0,0,0,,1,0,1,0,Zoox Inc.,0,1,0,1,0,0,0,,2021,9,0,2021,9,15:15,0,0d793f16e8354d9,San Francisco,0,CA ,0,1,0,0,0,0,1,0,0,0,1,0,0,0,25.0,0,0,0,0,1,0,0,1,0,0,0,0,0,0,0,,Passenger Car,0,0,1,0,0,0,Changing Lanes,0,0,0,0,0,0,0,0,0,0,0,0,1,Stopped,0,0,1,0.0,0,0,0,0,0,0,0,1,1,1,0,0,1,1,1,0,1,0,0,Yes,Traffic Collision Investigation Unit (TCIU), ,Yes,[MAY CONTAIN PERSONALLY IDENTIFIABLE INFORMATION], ,,Y,,Y,Yes, ,"A Zoox vehicle in manual mode was stopped in the left turn lane, when a passenger vehicle approaching from the rear in the right adjacent lane collided into the right passenger side doors of the Zoox vehicle. The Zoox vehicle incurred moderate damage to the right side passengers doors. The police were not called at the scene but a police report was filed. There were no injuries. Autonomy was engaged in the 30 second period prior to the collision.",
30531-1382,2,Transdev Alternative Services,0,0,1,0,0,,,2021,10,SADHW2S13M1,0,Jaguar,I-Pace,2021.0,db1aad21cae0c5d,10779.0,0,0,1,0,0,,1,0,,0,0,,0,0,,0,0,,0,0,0,,1,0,1,0,Waymo LLC,0,0,0,1,0,0,0,,2021,10,0,2021,10,15:51,0,2be0d6e1e9a8d23,San Francisco,0,CA ,0,1,0,0,0,0,1,0,0,0,1,0,0,0,30.0,0,0,0,0,1,0,0,1,0,0,0,0,0,0,0,,SUV,0,0,1,0,0,1,Proceeding Straight,0,0,0,0,0,0,0,1,0,0,0,0,0,Stopped,0,0,1,0.0,0,0,0,0,1,0,0,0,0,0,0,0,0,0,1,0,1,0,0,No,, ,Yes,, ,, ,, ,Yes, ,"On October [XXX], 2021 at 3:51 PM PDT a Waymo Autonomous Vehicle ('Waymo AV') operating in San Francisco, California was in a collision involving an SUV at [XXX] Drive at [XXX]. 
The Waymo AV was traveling in autonomous mode westbound on [XXX] / [XXX] when it stopped for pedestrians who were in a crosswalk and between the westbound and eastbound lanes of [XXX]. An SUV following behind the Waymo AV struck the rear of the Waymo AV. The Waymo AV sustained minor damage to its rear bumper and trunk, and the SUV sustained minor damage to its front bumper and hood. 
Transdev Alternative Services is reporting this crash under Request No. 1 of Standing General Order 2021-01 because the Waymo AV was stopped for pedestrians when the impact occurred. Transdev may supplement or correct its reporting with additional information as it may become available. This report is a duplicate to Waymo LLC report: WaymoLLC-202110[XXX]-0 (rev.202110[XXX]172410). No additional update to 10day narrative.",
30270-1410,1,Waymo LLC,1,0,0,0,0,,,2021,10,SADHW2S13M1,0,Jaguar,I-Pace,2021.0,db1aad21cae0c5d,10779.0,0,0,1,0,0,5th Generation ADS,0,0,,0,0,,0,0,,0,0,,0,0,0,,1,0,1,0,Waymo LLC,0,1,0,0,0,0,0,,2021,10,0,2021,10,15:51,0,2be0d6e1e9a8d23,San Francisco,0,CA ,0,1,0,0,0,0,1,0,0,0,1,0,0,0,30.0,0,0,0,0,1,0,0,1,0,0,0,0,0,0,0,,SUV,1,0,0,0,0,1,Proceeding Straight,0,0,0,0,0,0,0,1,0,0,0,0,0,Stopped,0,0,1,0.0,0,0,0,0,1,0,0,0,0,0,0,0,0,0,1,0,1,1,0,No,, ,Yes,, ,, ,, ,Yes, ,"On October [XXX], 2021 at 3:51 PM PDT a Waymo Autonomous Vehicle ('Waymo AV') operating in San Francisco, California was in a collision involving an SUV at [XXX] at [XXX]. 
The Waymo AV was traveling in autonomous mode westbound on [XXX] / [XXX] when it stopped for pedestrians who were in a crosswalk and between the westbound and eastbound lanes of [XXX]. An SUV following behind the Waymo AV struck the rear of the Waymo AV. The Waymo AV sustained minor damage to its rear bumper and trunk, and the SUV sustained minor damage to its front bumper and hood. The Waymo AV test driver (in the driver's seating position) later reported lower back pain.
Waymo is reporting this crash under Request No. 1 of Standing General Order 2021-01 because the Waymo AV was stopped for pedestrians when the impact occurred. Waymo may supplement or correct its reporting with additional information as it may become available. This report was submitted from the Pacific time zone on the required date.",
30270-1371,1,Waymo LLC,1,0,0,0,0,,,2021,10,SADHW2S13M1,0,Jaguar,I-Pace,2021.0,db1aad21cae0c5d,10779.0,0,0,1,0,0,5th Generation ADS,0,0,,0,0,,0,0,,0,0,,0,0,0,,1,0,1,0,Waymo LLC,0,1,0,0,0,0,0,,2021,10,0,2021,10,15:51,0,2be0d6e1e9a8d23,San Francisco,0,CA ,0,1,0,0,0,0,1,0,0,0,1,0,0,0,30.0,0,0,0,0,1,0,0,1,0,0,0,0,0,0,0,,SUV,0,0,1,0,0,1,Proceeding Straight,0,0,0,0,0,0,0,1,0,0,0,0,0,Stopped,0,0,1,0.0,0,0,0,0,1,0,0,0,0,0,0,0,0,0,1,0,1,1,0,No,, ,Yes,, ,, ,, ,Yes, ,"On October [XXX], 2021 at 3:51 PM PDT a Waymo Autonomous Vehicle ('Waymo AV') operating in San Francisco, California was in a collision involving an SUV at [XXX] at [XXX]. 
The Waymo AV was traveling in autonomous mode westbound on [XXX] / [XXX] when it stopped for pedestrians who were in a crosswalk and between the westbound and eastbound lanes of [XXX]. An SUV following behind the Waymo AV struck the rear of the Waymo AV. The Waymo AV sustained minor damage to its rear bumper and trunk, and the SUV sustained minor damage to its front bumper and hood. 
Waymo is reporting this crash under Request No. 1 of Standing General Order 2021-01 because the Waymo AV was stopped for pedestrians when the impact occurred. Waymo may supplement or correct its reporting with additional information as it may become available. This report was submitted from the Pacific time zone on the required date.",
30531-1328,1,Transdev Alternative Services,0,0,0,1,0,8.0,2021.0,2021,9,SADHW2S1XM1,0,Jaguar,I-Pace,2021.0,80e3ad40ec485bc,5582.0,0,0,1,0,0,,1,0,,0,0,,0,0,,0,0,,0,0,0,,1,0,1,0,"Waymo, LLC.",0,0,0,1,0,0,0,,2021,8,0,2021,8,07:30,0,d5901cab90a4303,San Francisco,0,CA ,0,1,0,0,0,0,1,0,0,0,1,0,0,0,25.0,0,0,0,0,1,0,0,1,0,0,0,0,0,0,0,,Pickup Truck,0,0,1,0,0,1,Passing,0,0,0,0,0,0,0,0,0,1,0,0,0,Entering Traffic,0,0,1,8.0,0,0,0,1,0,0,0,0,0,0,0,0,0,0,0,0,1,1,0,No,, ,Yes,, ,, ,, ,Yes, ,"On August [XXX], 2021 at 7:30 AM PDT, a Waymo Autonomous Vehicle ('Waymo AV') operating in San Francisco, California was in a collision involving a pickup near the intersection of [XXX] at [XXX]. The Waymo AV was stopped near the end of [XXX] toward [XXX] after having executed a pull-over in autonomous mode, at which time the operator of the Waymo AV took manual control of the Waymo
AV and proceeded into the driving lane. The Waymo AV then made contact with the right rear fender of a pickup passing the Waymo AV on the left side. Both vehicles incurred minor damage.
Transdev Alternative Services is reporting this crash under Request No. 2 of Standing General Order 2021-01. Transdev may supplement or correct its reporting with additional information as it may become available.",